55b1c1635269641882000000,Thiết Kế Web Căn Bản,https:/edumall.vn/coursethiet-ke-web-can-ban
55b1c1635269641882000001,Lập trình Android cơ bản,https:/edumall.vn/courselap-trinh-android-co-ban
55b1c1635269641882000002,Lập trình Visual C# 2010 căn bản,https:/edumall.vn/courselap-trinh-visual-c-sharp-2010-can-ban
55b1c1635269641882000003,Lập trình JAVA căn bản,https:/edumall.vn/courselap-trinh-java-can-ban
55b1c1635269641882000004,Hướng dẫn học Excel căn bản,https:/edumall.vn/coursehuong-dan-hoc-excel-can-ban
55b1c1635269641882000005,5 kỹ năng để thành công trong môi trường toàn cầu,https:/edumall.vn/course5-ky-nang-de-thanh-cong-trong-moi-truong-toan-cau
55b1c1635269641882000006,Làm quen với Adobe Illustrator,https:/edumall.vn/courselam-quen-voi-adobe-illustrator
55b1c1635269641882000007,Học SEO cơ bản,https:/edumall.vn/coursehoc-seo-co-ban
55b1c1635269641882000008,Khóa học lý thuyết marketing căn bản,https:/edumall.vn/coursekhoa-hoc-ly-thuyet-marketing-can-ban
55b1c1635269641882000009,5 Phút tập luyện mỗi ngày cho thân hình gợi cảm,https:/edumall.vn/course5-phut-tap-luyen-moi-ngay-cho-than-hinh-goi-cam
55b1c163526964188200000a,Yoga dành cho phái đẹp,https:/edumall.vn/courseyoga-danh-cho-phai-dep
55b1c163526964188200000b,Bí quyết học tiếng anh cho người mới bắt đầu,https:/edumall.vn/coursebi-quyet-hoc-tieng-anh-cho-nguoi-moi-bat-dau
55b1c16e52696418a0000000,Học và tìm hiểu về AngularJS,https:/edumall.vn/coursehoc-va-tim-hieu-ve-angularjs
55b1c16e52696418a0000001,Thiết kế ứng dụng di động từ con số 0: Nguyên tắc thiết kế và trải nghiệm người dùng (UX),https:/edumall.vn/coursethiet-ke-ung-dung-di-dong-tu-con-so-0-nguyen-tac-thiet-ke-va-trai-nghiem-nguoi-dung-ux
55b1c16e52696418a0000002,Khóa đào tạo ngôn ngữ lập trình Ruby cho người mới bắt đầu,https:/edumall.vn/coursekhoa-dao-tao-ngon-ngu-lap-trinh-ruby-cho-nguoi-moi-bat-dau
55b1c16e52696418a0000003,Học lập trình game - Phát triển game bằng Unity 5,https:/edumall.vn/coursehoc-lap-trinh-game-phat-trien-game-bang-unity-5
55b1c16e52696418a0000004,Chứng chỉ Hadoop Developer cho người mới bắt đầu,https:/edumall.vn/coursechuong-chi-hadoop-developer-cho-nguoi-moi-bat-dau
55b1c16e52696418a0000005,Khóa học kiểm thử phần mềm tốt nhất dành cho bạn!,https:/edumall.vn/coursekhoa-hoc-kiem-thu-phan-mem-tot-nhat-danh-cho-ban
55b1c16e52696418a0000006,Đào tạo quy trình Agile Scrum và chứng chỉ Scrum,https:/edumall.vn/coursedao-tao-quy-trinh-agile-scrum-va-chung-chi-scrum
55b1c16f52696418a0000007,Khóa học Git cấp tốc trong 1 giờ,https:/edumall.vn/coursekhoa-hoc-git-cap-toc-trong-1-gio
55b1c16f52696418a0000008,Xây dựng trang web thương mại điện tử với Wordpress,https:/edumall.vn/coursexay-dung-trang-web-thuong-mai-dien-tu-voi-wordpress
55b1c16f52696418a0000009,Gọi vốn cộng đồng thành công cho các chiến dịch trị giá 100.000 USD,https:/edumall.vn/coursegoi-von-cong-dong-thanh-cong-cho-cac-chien-dich-tri-gia-100000-usd
55b1c16f52696418a000000a,Khóa học Freelancer,https:/edumall.vn/coursekhoa-hoc-freelancer
55b1c16f52696418a000000b,Bí quyết để trở thành một nhà văn,https:/edumall.vn/coursebi-quyet-de-tro-thanh-mot-nha-van
55b1c16f52696418a000000c,Thiết kế Gamification Level 1 (cơ bản) + Chứng nhận,https:/edumall.vn/coursethiet-ke-gamification-level-1-co-ban-chung-nhan
55b1c16f52696418a000000d,Phát triển kinh doanh dành cho các công ty khởi nghiệp và công ty công nghệ cao,https:/edumall.vn/coursephat-trien-kinh-doanh-danh-cho-cac-cong-ty-khoi-nghiep-va-cong-ty-cong-nghe-cao
55b1c16f52696418a000000e,Làm thế nào để phác thảo một kế hoạch kinh doanh?,https:/edumall.vn/courselam-the-nao-de-phac-thao-mot-ke-hoach-kinh-doanh
55b1c16f52696418a000000f,Hệ thống quản lý chất lượng: Quản lý và kiểm soát chất lượng,https:/edumall.vn/coursehe-thong-quan-ly-chat-luong-quan-ly-va-kiem-soat-chat-luong
55b1c16f52696418a0000010,Khóa học về quản lý dự án chuyên nghiệp (PMP),https:/edumall.vn/coursekhoa-hoc-ve-quan-ly-du-an-chuyen-nghiep-pmp
55b1c16f52696418a0000011,Những điều cơ bản về quyền tác giả: Bảo vệ các tác phẩm khỏi vi phạm bản quyền,https:/edumall.vn/coursenhung-dieu-co-ban-ve-quyen-tac-gia-bao-ve-cac-tac-pham-khoi-vi-pham-ban-quyen
55b1c16f52696418a0000012,SQL (Structured Query Language - Ngôn ngữ truy vấn có cấu trúc) cho người mới: Nhập môn Phân tích dữ liệu,https:/edumall.vn/coursesql-cho-nguoi-moi-nhap-mon-phan-tich-du-lieu
55b1c16f52696418a0000013,Làm thế nào để kiếm tiền trên youtube mà không cần quay clip,https:/edumall.vn/courselam-the-nao-de-kiem-tien-tren-youtube-ma-khong-can-quay-clip
55b1c16f52696418a0000014,Cách đưa ra lời phê bình chốn công sở,https:/edumall.vn/coursecach-dua-ra-loi-phe-binh-chon-cong-so
55b1c16f52696418a0000015,Tiêu chuẩn quốc tế (Draft international stardard)  - ISO/DIS 9001:2015,https:/edumall.vn/coursetieu-chuan-quoc-te-isodis-90012015
55b1c16f52696418a0000016,Cách tôi kiếm tiền mỗi ngày từ các khoá học của Tudemy ,https:/edumall.vn/coursecach-toi-kiem-tien-moi-ngay-tu-cac-khóa-hoc-của-tudemy
55b1c16f52696418a0000017,Đầu tư bất động sản một cách sáng tạo,https:/edumall.vn/coursedau-tu-bat-dong-san-mot-cach-sang-tao
55b1c16f52696418a0000018,Viết thư xin tài trợ: Chìa khóa cho một lời đề nghị thành công,https:/edumall.vn/courseviet-thu-xin-tai-tro-chia-khoa-cho-mot-loi-de-nghi-thanh-cong
55b1c16f52696418a0000019,Chứng chỉ Amazon Web Services (AWS),https:/edumall.vn/coursechung-chi-amazon-web-services
55b1c16f52696418a000001a,Khóa học toàn diện về Hacking từ cơ bản đến nâng cao!,https:/edumall.vn/coursekhoa-hoc-toan-dien-ve-hacking-tu-co-ban-den-nang-cao
55b1c16f52696418a000001b,Hướng dẫn toàn tập về Arduino,https:/edumall.vn/coursehuong-dan-toan-tap-ve-arduino
55b1c16f52696418a000001c,Thành thạo Linux chỉ trong 5 ngày - Nâng sự nghiệp của bạn lên tầm cao mới,https:/edumall.vn/coursethanh-thao-linux-chi-trong-5-ngay-nang-su-nghiep-cua-ban-len-tam-cao-moi
55b1c16f52696418a000001d,Oracle SQL (Ngôn ngữ truy vấn có cấu trúc - Structured Query Language),https:/edumall.vn/courseoracle-sql
55b1c16f52696418a000001e,Microsoft Excel 2010: Khóa đào tạo cho trình độ sơ cấp và trung cấp,https:/edumall.vn/coursemicrosoft-excel-2010-khoa-dao-tao-cho-trinh-do-so-cap-va-trung-cap
55b1c16f52696418a000001f,Tăng năng suất làm việc cho người dùng máy Mac lên 10 lần,https:/edumall.vn/coursetang-nang-suat-lam-viec-cho-nguoi-dung-may-mac-len-10-lan
55b1c16f52696418a0000020,Toàn tập về hệ thống tiện ích Gmail giúp tăng năng suất làm việc cho doanh nghiệp,https:/edumall.vn/coursetoan-tap-ve-he-thong-tien-ich-gmail-giup-tang-nang-suat-lam-viec-cho-doanh-nghiep
55b1c16f52696418a0000021,Lập trình SAP ABAP cho người mới bắt đầu - 2014 - Đào tạo trực tuyến,https:/edumall.vn/courselap-trinh-sap-abap-cho-nguoi-moi-bat-dau-2014-dao-tao-truc-tuyen
55b1c16f52696418a0000022,Học QuickBooks Pro 2014 một cách đơn giản,https:/edumall.vn/coursehoc-quickbooks-pro-2014-mot-cach-don-gian
55b1c16f52696418a0000023,Giới thiệu về Oracle SQL,https:/edumall.vn/coursegioi-thieu-ve-oracle-sql
55b1c16f52696418a0000024,Scrivener Simplified: làm thế nào để tạo ra ebook của riêng bạn chỉ trong 60 phút,https:/edumall.vn/coursescrivener-simplified-lam-the-nao-de-tao-ra-ebook-cua-rieng-ban-chi-trong-60-phut
55b1c17052696418a0000025,Salesforce: Đào tạo cơ bản cho quản lý và các nhà phát triển,https:/edumall.vn/coursesalesforce-dao-tao-co-ban-cho-quan-ly-va-cac-nha-phat-trien
55b1c17052696418a0000026,Bí quyết từng bước thiết lập mục tiêu,https:/edumall.vn/coursebi-quyet-tung-buoc-thiet-lap-muc-tieu
55b1c17052696418a0000027,Nâng cao năng suất làm việc của bạn và hoàn thành những công việc quan trọng,https:/edumall.vn/coursenang-cao-nang-suat-lam-viec-cua-ban-va-hoan-thanh-nhung-cong-viec-quan-trong
55b1c17052696418a0000028,Toát ra sự tự tin: Cách để tỏa sáng,https:/edumall.vn/coursetoat-ra-su-tu-tin-cach-de-toa-sang
55b1c17052696418a0000029,Giá trị của đầu tư Bootcamp - Tìm hiểu để đầu tư tiền của bạn một cách khôn ngoan,https:/edumall.vn/coursegia-tri-cua-dau-tu-bootcamp-tim-hieu-de-dau-tu-tien-cua-ban-mot-cach-khon-ngoan
55b1c17052696418a000002a,Bí quyết để tăng số lượng các cuộc phỏng vấn xin việc của bạn,https:/edumall.vn/coursebi-quyet-de-tang-so-luong-cac-cuoc-phong-van-xin-viec-cua-ban
55b1c17052696418a000002b,Ngôn ngữ cơ thể của tình yêu và hò hẹn,https:/edumall.vn/coursengon-ngu-co-the-cua-tinh-yeu-va-ho-hen
55b1c17052696418a000002c,Khám phá hạnh phúc cùng tiến sĩ Elisha Goldstein,https:/edumall.vn/coursekham-pha-hanh-phuc-cung-tien-si-elisha-goldstein
55b1c17052696418a000002d,Kết nối với hướng đạo sinh của bạn,https:/edumall.vn/courseket-noi-voi-huong-dao-sinh-cua-ban
55b1c17052696418a000002e,Khóa học dạy tạo thương hiệu cho bản thân,https:/edumall.vn/coursekhoa-hoc-day-tao-thuong-hieu-cho-ban-than
55b1c17052696418a000002f,Kịch bản phim trị giá hàng triệu đô! Hãy viết lên bộ phim của chính bạn ngay hôm nay!,https:/edumall.vn/coursekich-ban-phim-tri-gia-hang-trieu-do-hay-viet-len-bo-phim-cua-chinh-ban-ngay-hom-nay
55b1c17052696418a0000030,Sức mạnh của sự yếu đuối,https:/edumall.vn/coursesuc-manh-cua-su-yeu-duoi
55b1c17052696418a0000031,Từng bước thúc đẩy sự tự tin và lòng tự trọng trong con người bạn,https:/edumall.vn/coursetung-buoc-thuc-day-su-tu-tin-va-long-tu-trong-trong-con-nguoi-ban
55b1c17052696418a0000032,Tâm thể đồng nhất - Thích Nhất Hạnh,https:/edumall.vn/coursetam-the-dong-nhat-thich-nhat-hanh
55b1c17052696418a0000033,Trở thành một cao thủ đọc nhanh và ghi nhớ tốt,https:/edumall.vn/coursetro-thanh-mot-cao-thu-doc-nhanh-va-ghi-nho-tot
55b1c17052696418a0000034,Chỉ 20 phút để tìm ra động lực cho mục tiêu của bạn,https:/edumall.vn/coursechi-20-phut-de-tim-ra-dong-luc-cho-muc-tieu-cua-ban
55b1c17052696418a0000036,Nắm vững về thiết kế Web trong Photoshop,https:/edumall.vn/coursenam-vung-ve-thiet-ke-web-trong-photoshop
55b1c17052696418a0000037,Làm thế nào để thiết kế Logo - khóa học cho người mới bắt đầu?,https:/edumall.vn/courselam-the-nao-de-thiet-ke-logo-khoa-hoc-cho-nguoi-moi-bat-dau
55b1c17052696418a0000038,Thiết kế ứng dụng điện thoại trong Sketch 3: thiết kế UX và UI từ bước đầu tiên,https:/edumall.vn/coursethiet-ke-ung-dung-dien-thoai-trong-sketch-3-thiet-ke-ux-va-ui-tu-buoc-dau-tien
55b1c17052696418a0000039,Nguyên tắc cơ bản về thiết kế UX,https:/edumall.vn/coursenguyen-tac-co-ban-ve-thiet-ke-ux
55b1c17052696418a000003a,Pixel Art dành cho trò chơi điện tử,https:/edumall.vn/coursepixel-art-danh-cho-tro-choi-dien-tu
55b1c17052696418a000003b,Học cách thiết kế sản phẩm để thu hút người dùng,https:/edumall.vn/coursehoc-cach-thiet-ke-san-pham-de-thu-hut-nguoi-dung
55b1c17052696418a000003c,Chuyên sâu về After Effect: Xây dựng hoạt cảnh phẳng,https:/edumall.vn/coursechuyen-sau-ve-after-effect-xay-dung-hoat-canh-phang
55b1c17052696418a000003d,Phong cách thời trang cho nam giới,https:/edumall.vn/coursephong-cach-thoi-trang-cho-nam-gioi
55b1c17052696418a000003e,Kiến thức về bê tông cốt thép dự ứng lực cho các nhà quản lý xây dựng,https:/edumall.vn/coursekien-thuc-ve-be-tong-cot-thep-du-ung-luc-cho-cac-nha-quan-ly-xay-dung
55b1c17052696418a000003f,"Mối liên hệ mật thiết giữa tình yêu,tình dục và phong thủy",https:/edumall.vn/coursemoi-lien-he-mat-thiet-giua-tinh-yeutinh-duc-va-phong-thuy
55b1c17052696418a0000040,Trọn bộ các hướng dẫn cực kì hữu ích để trở thành một nhà thiết kế!,https:/edumall.vn/coursetron-bo-cac-huong-dan-cuc-ki-huu-ich-de-tro-thanh-mot-nha-thiet-ke
55b1c17052696418a0000041,Những bí mật về CPA (định giá quảng cáo dựa trên hành động): Làm thế nào để kiếm được 6000 USD/tháng?,https:/edumall.vn/coursenhung-bi-mat-ve-cpa-dinh-gia-quang-cao-dua-tren-hanh-dong-lam-the-nao-de-kiem-duoc-6000-usd-thang
55b1c17052696418a0000042,Toàn tập về chiến lược đào tạo SEO,https:/edumall.vn/coursetoan-tap-ve-chien-luoc-dao-tao-seo
55b1c17152696418a0000043,Kinh doanh trên Youtube - con đường nào dẫn đến thành công?,https:/edumall.vn/coursekinh-doanh-tren-youtube-con-duong-nao-dan-den-thanh-cong
55b1c17152696418a0000045,Marketing: Làm thế nào để tiếp thị bản thân như một chuyên gia?,https:/edumall.vn/coursemarketing-lam-the-nao-de-tiep-thi-ban-than-nhu-mot-chuyen-gia
55b1c17152696418a0000046,Google Analytics cho người mới sử dụng,https:/edumall.vn/coursegoogle-analytics-cho-nguoi-moi-su-dung
55b1c17152696418a0000047,Thông cáo báo chí không bao giờ thất bại,https:/edumall.vn/coursethong-cao-bao-chi-khong-bao-gio-that-bai
55b1c17152696418a0000049,Sử dụng Youtube để Xếp hạng 1 trên Google chỉ trong chốc lát: Youtube cho Doanh nghiệp,https:/edumall.vn/coursesu-dung-youtube-de-xep-hang-1-tren-google-chi-trong-choc-lat-youtube-cho-doanh-nghiep
55b1c17152696418a000004a,Bí mật về Copywriting,https:/edumall.vn/coursebi-mat-ve-copywriting
55b1c17152696418a000004b,Cách đưa ra thông điệp hiệu quả nhất để giới thiệu ý tưởng/doanh nghiệp của bạn! (Elevator Pitch),https:/edumall.vn/coursecach-dua-ra-thong-diep-hieu-qua-nhat-de-gioi-thieu-y-tuong-doanh-nghiep-cua-ban-elevator-pitch
55b1c17152696418a000004c,Chuyên gia phát triển Marketing: Trở thành cao thủ marketing kỹ thuật số,https:/edumall.vn/coursechuyen-gia-phat-trien-marketing-tro-thanh-cao-thu-marketing-ky-thuat-so
55b1c17152696418a000004d,Kiếm tiền với Clickbank - Không cần trang web,https:/edumall.vn/coursekiem-tien-voi-clickbank-khong-can-trang-web
55b1c17152696418a000004e,Kế hoạch ra mắt Kindle: $1400 trong 30 ngày và Amazon Bestseller,https:/edumall.vn/courseke-hoach-ra-mat-kindle-1400-trong-30-ngay-va-amazon-bestseller
55b1c17152696418a000004f,Quản lý Solo Ads - Kiếm tiền với Solo Ads không cần vốn đầu tư,https:/edumall.vn/coursequan-ly-solo-ads-kiem-tien-voi-solo-ads-khong-can-von-dau-tu
55b1c17152696418a0000050,Giảm cân để sống khỏe,https:/edumall.vn/coursegiam-can-de-song-khoe
55b1c17152696418a0000051,Các phương pháp tối ưu giấc ngủ để có một cuộc sống khỏe mạnh,https:/edumall.vn/coursecac-phuong-phap-toi-uu-giac-ngu-de-co-mot-cuoc-song-khoe-manh
55b1c17152696418a0000052,Học các thủ thuật boxing để có thể tự phòng vệ trên đường phố,https:/edumall.vn/coursehoc-cac-thu-thuat-boxing-de-co-the-tu-phong-ve-tren-pho
55b1c17152696418a0000053,Ăn uống thế nào để có đủ năng lượng cho cơ thể?,https:/edumall.vn/coursean-uong-the-nao-de-co-du-nang-luong-cho-co-the
55b1c17152696418a0000054,Kiểm soát chứng tăng động giảm chú ý (ADHD) trên não bộ,https:/edumall.vn/coursekiem-soat-chung-tang-dong-giam-chu-y-tren-nao-bo
55b1c17152696418a0000055,Giảm cân không cần đổ mồ hôi,https:/edumall.vn/coursegiam-can-khong-can-do-mo-hoi
55b1c17152696418a0000056,Kỹ thuật cận chiến: Đối kháng kiểu quân đội,https:/edumall.vn/courseky-thuat-can-chien-doi-khang-kieu-quan-doi
55b1c17152696418a0000057,Cấp cứu bằng bấm huyệt: Tự chữa nhanh trong các trường hợp khẩn cẩp,https:/edumall.vn/coursecap-cuu-bang-bam-huyet-tu-chua-nhanh-trong-cac-truong-hop-khan-cap
55b1c17152696418a0000058,Dạy nhảy Hip Hop cho người mới học,https:/edumall.vn/courseday-nhay-hip-hop-cho-nguoi-moi-hoc
55b1c17152696418a0000059,Các bài tập thiền để chữa bệnh,https:/edumall.vn/coursecac-bai-tap-thien-de-chua-benh
55b1c17152696418a000005a,Mát xa mặt,https:/edumall.vn/coursemat-xa-mat
55b1c17152696418a000005b,Học dấu câu tiếng Anh với người bản xứ,https:/edumall.vn/coursetieng-anh-dau-cau-khong-kho
55b1c17152696418a000005c,Tiếng Tây Ban Nha đàm thoại: Trình độ sơ cấp,https:/edumall.vn/coursetieng-tay-ban-nha-dam-thoai-trinh-do-so-cap
55b1c17152696418a000005d,Tiếng Đức sơ cấp: Tất cả những gì bạn muốn biết về tiếng Đức,https:/edumall.vn/coursetieng-duc-so-cap-tat-ca-nhung-gi-ban-muon-biet-ve-tieng-duc
55b1c17152696418a000005e,Học nói tiếng Pháp,https:/edumall.vn/coursehoc-noi-tieng-phap
55b1c17252696418a000005f,Tiếng Nhật theo ngữ cảnh: Khóa học tiếng Nhật cơ bản,https:/edumall.vn/coursetieng-nhat-theo-ngu-canh-khoa-hoc-tieng-nhat-co-ban
55b1c17252696418a0000060,Những điều thú vị về tiếng Bồ Đào Nha của người Brazil,https:/edumall.vn/coursenhung-dieu-thu-vi-ve-tieng-bo-dao-nha-cua-nguoi-brazil
55b1c17252696418a0000061,Tiếng Trung sơ cấp: Hiểu 65% tiếng Trung trong 10 giờ,https:/edumall.vn/coursetieng-trung-so-cap-hieu-65-tieng-trung-trong-10-gio
55b1c17252696418a0000062,Ngôn ngữ và văn học Nga,https:/edumall.vn/coursengon-ngu-va-van-hoc-nga
55b1c17252696418a0000063,Các bài giảng trong sách dạy tiếng Latin của trường Wheelock: Chương 1-15,https:/edumall.vn/coursecac-bai-giang-trong-sach-day-tieng-latin-cua-truong-wheelock-chuong-1-15
55b1c17252696418a0000064,Học đọc viết tiếng Ả Rập: Từ cơ bản đến nâng cao,https:/edumall.vn/coursehoc-doc-viet-tieng-a-rap-tu-co-ban-den-nang-cao
55b1c17252696418a0000065,Sống sót ở Ý mà không cần quá giỏi tiếng Ý!,https:/edumall.vn/coursesong-sot-o-y-ma-khong-can-qua-gioi-tieng-y
55b1c17252696418a0000066,Cách nhanh nhất để học và nhớ từ vựng của một ngôn ngữ bất kỳ,https:/edumall.vn/coursecach-nhanh-nhat-de-hoc-va-nho-tu-vung-cua-mot-ngon-ngu-bat-ky
55c312f344616e0ca6000000,Ngữ pháp tiếng Anh cho người mới bắt đầu,https:/edumall.vn/coursetieng-anh-ung-dung
55cb2d3044616e15ca000000,Giảm cân mà không cần ăn kiêng,https:/edumall.vn/coursegiam-can-ma-khong-can-an-kieng
55ddc99544616e132b000000,Thành thạo Excel từ A đến Z,https:/edumall.vn/coursethanh-thao-excel-tu-a-den-z
55e59c51486f7007df000000,JavaScript cơ bản,https:/edumall.vn/coursejavascript-co-ban
55e847d044616e1dc3000000,Pascal cơ bản,https:/edumall.vn/coursepascal-co-ban
55ed088d44616e0b2f000000,PHP cơ bản,https:/edumall.vn/coursephp-co-ban
55ed08c644616e0b5b000000,Học Photoshop online,https:/edumall.vn/coursehoc-photoshop-online
55ed090b44616e0b82000000,Học Revit Architecture 2015 và Revit Structure 2015,https:/edumall.vn/coursehoc-revit-architecture-2015-va-revit-structure-2015
55ed093044616e0bad000000,Vray for Sketchup,https:/edumall.vn/coursevray-for-shetchup
55ed0a0b44616e0ca8000000,Dạy học Sketchup,https:/edumall.vn/courseday-hoc-sketchup
55ed614344616e132d000000,50 Bài hiệu ứng Photoshop hay nhất,https:/edumall.vn/course50-bai-hieu-ung-photoshop-hay-nhat
55ee4f2544616e0595000000,Tiếng Anh giao tiếp công việc - TOEIC Speaking Writing,https:/edumall.vn/coursetieng-anh-giao-tiep-cong-viec-toeic-speaking-writing
55ee5f4f44616e0919000000,Hướng dẫn Cinema 4D,https:/edumall.vn/coursehuong-dan-cinema-4d
55ee5f6a44616e0967000000,Thủ thuật Revit Architecture,https:/edumall.vn/coursethu-thuat-revit-architecture
55ee660944616e0db0000000,Học 3Ds Max cơ bản đến nâng cao,https:/edumall.vn/coursehoc-3ds-max-co-ban-den-nang-cao
55ee67d344616e0f37000002,Làm quen với lập trình Python,https:/edumall.vn/courselam-quen-voi-lap-trinh-python
55ee67e144616e0f60000000,Revit Architecture 2014,https:/edumall.vn/courserevit-architecture-2014
55ee67ee44616e0f87000000,Hướng dẫn Revit Sructure 2015 - Tập 1,https:/edumall.vn/coursehuong-dan-revit-structure-2015-tap-1
55ee67fa44616e0fae000000,Hướng dẫn Revit Sructure 2015 - Tập 2,https:/edumall.vn/coursehuong-dan-revit-structure-2015-tap-2
55ee8aaf44616e11c5000002,Hướng dẫn tự học Excel cơ bản,https:/edumall.vn/coursehuong-dan-tu-hoc-Excel-co-ban
55ee8abd44616e11ed000000,Luyện phát âm tiếng Anh chuẩn cùng Ms Hoa,https:/edumall.vn/courseluyen-phat-am-tieng-anh-cung-mis-hoa
55ee9deb44616e1a90000000,Tự học lập trình Android cơ bản,https:/edumall.vn/coursetu-hoc-lap-trinh-android-co-ban
55ee9df844616e1ab7000000,Tự lập trình iOS cơ bản,https:/edumall.vn/coursetu-lap-trinh-ios-co-ban
55ee9e0544616e1ade000000,Lập Trình Game iOS With SpriteKit,https:/edumall.vn/courselap-trinh-game-ios-with-spritekit
55ee9e1444616e1b05000000,Hướng dẫn lập trình Laravel,https:/edumall.vn/coursehuong-dan-lap-trinh-laravel
55eea70a44616e1d8d000000,Lập trình PHP&MySQL qua ví dụ thực tế: Thiết kế Web tin tức VnExpress.Net,https:/edumall.vn/courselap-trinh-php-va-mysql-qua-vi-du-thuc-te-thiet-ke-web-tin-tuc-vnexpress-net
55eea71744616e1db4000000,Cách tránh bẫy đề thi TOEIC,https:/edumall.vn/coursecach-tranh-bay-de-thi-toeic
55eecf2e44616e2581000002,Tự Học Adobe After Effects,https:/edumall.vn/coursetu-hoc-adobe-after-effects
55eedebf44616e25e7000000,After Effect Motion Graphic,https:/edumall.vn/courseafter-effect-motion-graphic
55eedecf44616e260e000000,Học lập trình web front-end sử dụng HTML5 và CSS3 ,https:/edumall.vn/coursehoc-lap-trinh-web-front-end-su-dung-html5-va-css3
55f27dfe44616e0dfa000000,Hướng dẫn VBA trong Excel,https:/edumall.vn/coursehuong-dan-vba-trong-excel
55f2810344616e0e6c000002,Tự học Corel Draw X7,https:/edumall.vn/coursetu-hoc-corel-draw-x7
55f2822944616e0e9d000000,CSS cơ bản,https:/edumall.vn/coursecss-co-ban
55f2824244616e0ec4000002,Ngôn ngữ lập trình C,https:/edumall.vn/coursengon-ngu-lap-trinh-c
55f2825c44616e0f13000000,Python,https:/edumall.vn/coursepython
55f282e044616e0f48000002,Hướng dẫn vẽ AutoCAD cơ bản ,https:/edumall.vn/coursehuong-dan-ve-autocad-co-ban
55f2830944616e0f76000000,Học Autocad 2015 cơ bản,https:/edumall.vn/coursehoc-autocad-2015-co-ban
55f2892244616e135c000000,HTML cơ bản,https:/edumall.vn/coursehtml-co-ban
55ff870844616e0791000002,Ảo thuật bài miễn phí,https:/edumall.vn/courseao-thuat-bai-mien-phi
55ff872144616e07bb000000,Hướng dẫn ảo thuật miễn phí,https:/edumall.vn/coursehuong-dan-ao-thuat-mien-phi
560283f4fc32e00e65000002,Tư duy làm chủ sẽ thay đổi cuộc đời bạn như thế nào?,https:/edumall.vn/coursetu-duy-lam-chu-se-thay-doi-cuoc-doi-ban-nhu-the-nao
5603924c7367733a68000000,Lập trình php trong 14h,https:/edumall.vn/courselap-trinh-php-trong-14h
5606ce0cdf52b9058400000a,Học lập trình windows phone trong 14 ngày,https:/edumall.vn/coursehoc-lap-trinh-windows-phone-trong-14-ngay
5608b08cd8b73101a3000000,36 tuyệt chiêu,https:/edumall.vn/course36-tuyet-chieu
560925f0d8b7312c50000000,Làm chủ giọng nói để thành công vượt trội,https:/edumall.vn/courselam-chu-giong-noi-de-thanh-cong-vuot-troi
560a5093ed4f1f0f9e000002,20 Thay đổi giúp bạn thành công và giàu có,https:/edumall.vn/course20-thay-doi-giup-ban-thanh-cong-va-giau-co
560b4e96eb5d8904c1000002,Tiến sĩ Lê Thẩm Dương tiết lộ bí quyết giao tiếp để thành công,https:/edumall.vn/coursetien-si-le-tham-duong-tiet-lo-bi-quyet-giao-tiep-de-thanh-cong
560f94fdd8b731681f000000,Tìm hiểu về dự án mã nguồn mở,https:/edumall.vn/coursedu-an-ma-nguon-mo
560fa0e9d8b7317b34000000,Kỹ năng đàm phán và thương lượng,https:/edumall.vn/courseky-nang-dam-phan-va-thuong-luong
560fae97d8b7317b36000004,Cấu trúc dữ liệu và giải thuật,https:/edumall.vn/coursecau-truc-du-lieu-va-giai-thuat
560fb2f2d8b7317b36000008,Phân tích thiết kế hệ thống,https:/edumall.vn/coursephan-tich-thiet-ke-he-thong
5610c36fd8b7317b3400000f,Hướng dẫn sử dụng Powerpoint 2007,https:/edumall.vn/coursehuong-dan-su-dung-powerpoint-2007
560fb52fd8b7317b3400000e,Học After Effects cơ bản,https:/edumall.vn/coursehoc-after-effects-co-ban
5611dbb7d8b7317b3600002d,Học cách xử lý xung đột thông minh ,https:/edumall.vn/coursehoc-cach-xu-ly-xung-dot-thong-minh
5611e543d8b7317b3400003a,"Tự tin thuyết trình, phỏng vấn và sử dụng tiếng Anh",https:/edumall.vn/coursetu-tin-thuyet-trinh--phong-van-va-su-dung-tieng-anh
56123b7dd8b731315300000b,Tôi khao khát kinh doanh nhưng không biết bắt đầu từ đâu? ,https:/edumall.vn/coursetoi-khao-khat-kinh-doanh-nhung-khong-biet-bat-dau-tu-dau-
561241acd8b731315500000e,Xây dựng website kiếm tiền với Amazon ,https:/edumall.vn/coursexay-dung-website-kiem-tien-voi-amazon
5612441ad8b731315300001a,Bí quyết thành công trong khởi nghiệp kinh doanh online,https:/edumall.vn/coursebi-quyet-thanh-cong-trong-khoi-nghiep-kinh-doanh-online
56124bd6d8b7313153000027,Hướng dẫn đệm hát Piano cơ bản,https:/edumall.vn/coursehuong-dan-dem-hat-piano-co-ban
561251c4d8b731315500003b,Guitar đệm hát trong 30 ngày,https:/edumall.vn/courseguitar-dem-hat-trong-30-ngay
56122319d8b731592f000000,21 Kỹ năng sống,https:/edumall.vn/course21-ky-nang-song
56127803d8b7310e32000008,Chinh phục đối phương với những chiêu ảo thuật ấn tượng,https:/edumall.vn/coursechinh-phuc-doi-phuong-voi-nhung-chieu-ao-thuat-an-tuong
5627585fd8b7313836000002,Giáo dục giới tính cho trẻ theo từng độ tuổi,https:/edumall.vn/coursenhung-dieu-can-biet-ve-giao-duc-gioi-tinh-cho-tre-vi-thanh-nien
562b3d05d8b731249400001f,Học JavaScript không khó,https:/edumall.vn/coursehoc-javascript-khong-kho
55c3306344616e0ca600001f,Học Excel 2007 cơ bản,https:/edumall.vn/courselam-chu-excel-trong-4-gio
562e0132d8b7312497000042,Kỹ năng thuyết trình,https:/edumall.vn/courseky-nang-thuyet-trinh
562e1a6dd8b7312497000047,"Bí quyết biến ý tưởng thành doanh thu, khởi nghiệp từ con số 0",https:/edumall.vn/coursebi-quyet-kinh-doanh-cho-nguoi-khoi-nghiep
562ee227d8b7312497000061,Nhập môn lập trình Web,https:/edumall.vn/coursenhap-mon-lap-trinh-web
562ef71ed8b731249400004f,Làm thế nào để chữa bệnh chậm nói ở trẻ?,https:/edumall.vn/courselam-the-nao-de-chua-benh-cham-noi-o-tre
562f28e7d8b7312494000065,Phương pháp giải mã tám loại khó khăn tâm lý thường gặp ở trẻ,https:/edumall.vn/coursephuong-phap-giai-ma-tam-loai-kho-khan-tam-ly-thuong-gap-o-tre
562f6858d8b7312497000080,Hiểu về teen,https:/edumall.vn/coursehieu-ve-teen
5630c2a9d8b7311df5000000,sdfdsf,https:/edumall.vn/coursesdfdsf234567u8i9
56318882d8b7316987000001,Bảo vệ con trước những nguy cơ từ 3 loại thiết bị công nghệ phổ biến,https:/edumall.vn/coursetre-nghien-game-can-benh-thoi-dai-cong-nghe-so
563448a8d8b7316c1c00002e,Ba nhóm khách hàng trên đời và cách để bạn chinh phục họ,https:/edumall.vn/coursecac-phuong-phap-ban-hang-cho-3-loai-khach-hang-chinh
56349595d8b7316c1a00005a,36 Tuyệt chiêu để trở thành người bán hàng số một,https:/edumall.vn/coursetuyet-chieu-ban-hang-so-mot
5645a7ecd8b7313ba9000002,Bảo vệ con trước những nguy cơ từ 3 loại thiết bị công nghệ phổ biến,https:/edumall.vn/coursephong-tranh-hien-tuong-nghien-do-choi-cong-nghe-o-tre-em
5661741dd8b7317d0000000c,Làm chủ Excel 2010 trong 4 giờ,https:/edumall.vn/courselam-chu-excel-2010-trong-4-gio
566fe4ebd8b73127bb000017,Dạy con tự lập,https:/edumall.vn/courseday-con-tu-lap
56737cb9d8b731392200001a,Tạo động lực cho người khác - Tạo thành công cho chính mình,https:/edumall.vn/coursetao-dong-luc-cho-nguoi-khac-tao-thanh-cong-cho-chinh-minh
5677b17ad8b7310868000005,Luyện tập ngữ pháp Tiếng Anh cho người đi làm,https:/edumall.vn/coursetieng-anh-ung-dung-ngu-phap-tieng-anh-co-ban
5677e736d8b7310868000038,Ngữ pháp Tiếng Anh cho người đi làm,https:/edumall.vn/coursetieng-anh-ung-dung-ngu-phap-tieng-anh-cho-nguoi-di-lam
5678c52ad8b7310868000055,Nói chuyện với bạn nước ngoài đến du lịch bằng tiếng Anh,https:/edumall.vn/coursetieng-anh-ung-dung-noi-chuyen-voi-ban-nuoc-ngoai-den-du-lich
5679121dd8b731086b0000e3,Các tình huống thông dụng khi đi du lịch nước ngoài,https:/edumall.vn/coursetieng-anh-ung-dung-cac-tinh-huong-thong-dung-khi-di-du-lich-nuoc-ngoai
567a2da9d8b7315e97000046,Kỹ năng tạo động lực,https:/edumall.vn/courseky-nang-tao-dong-luc
567a84e1d8b7315e9a0001c0,Trò chuyện với người nước ngoài theo cách tự tin nhất bằng tiếng Anh,https:/edumall.vn/coursetro-chuyen-voi-nguoi-nuoc-ngoai-theo-cach-tu-tin-nhat
567a882dd8b7315e9a0001cd,Tiếng anh ứng dụng: Tự tin giao tiếp trong công việc bằng tiếng anh,https:/edumall.vn/coursetieng-anh-ung-dung--tu-tin-giao-tiep-trong-cong-viec-bang-tieng-anh
56828c9cd8b731355c00005e,10 Tuyệt Chiêu Chinh Phục Nhà Tuyển Dụng,https:/edumall.vn/course10-tuyet-chieu-chinh-phuc-nha-tuyen-dung
56828cc4d8b731355e000057, Tăng 200% thu nhập nhờ quản lý thời gian hiệu quả,https:/edumall.vn/coursetang-200--thu-nhap-nho-quan-ly-thoi-gian-hieu-qua
56835584d8b731355e00005d,Nguyên lý kế toán - Làm chủ tình hình tài chính,https:/edumall.vn/coursenguyen-ly-ke-toan
56836128d8b731530c000015,Tự tin phân tích báo cáo tài chính,https:/edumall.vn/coursephan-tich-bao-cao-tai-chinh
56838349d8b731530a000031,"Làm chủ ""Tài chính doanh nghiệp""",https:/edumall.vn/coursetai-chinh-doanh-nghiep
5683923ed8b731530c000059,Nhập môn Internet và E-Learning,https:/edumall.vn/coursenhap-mon-internet-va-e-learning
56839784d8b731530a00005e,Kỹ thuật đồ họa,https:/edumall.vn/courseky-thuat-do-hoa
56839b57d8b731530a00006f,Nhạy bén trong quản trị rủi ro,https:/edumall.vn/coursequan-tri-rui-ro
5683a542d8b731530a00007a,Xây dựng Đạo đức - Văn hóa trong kinh doanh,https:/edumall.vn/coursedao-duc-van-hoa-kinh-doanh
5683a61ad8b731530a00007e,Xây dựng chiến lược marketing hoàn hảo,https:/edumall.vn/coursemarketing-can-ban
5684ad98d8b731531600005f,Kế toán trong các doanh nghiệp,https:/edumall.vn/courseke-toan-trong-cac-doanh-nghiep
5689e46dd8b731531400007f,"Trọn bộ kiến thức trong ""Kế toán công ty""",https:/edumall.vn/courseke-toan-cong-ty
5689eb65d8b7315314000082,Pháp luật đại cương,https:/edumall.vn/coursephap-luat-dai-cuong
5689efbad8b7315316000088,Luật hành chính,https:/edumall.vn/courseluat-hanh-chinh
568a1b9ad8b73153160000b5,Luật hình sự,https:/edumall.vn/courseluat-hinh-su
568a2ee2d8b73153140000fa,Luật ngân hàng,https:/edumall.vn/courseluat-ngan-hang
568a33c7d8b7315314000115,Quản trị nhân sự,https:/edumall.vn/coursequan-tri-nhan-su
568a36d0d8b7315314000126,MAN302,https:/edumall.vn/courseman302
568a3e0cd8b731531400013f,Phân tích hoạt động kinh doanh,https:/edumall.vn/coursephan-tich-hoat-dong-kinh-doanh
568a3ec6d8b7315314000142,Quản trị Marketing,https:/edumall.vn/coursequan-tri-marketing
568b37c0d8b7315316000207,Tiếng Anh giao tiếp cơ bản khi đi mua sắm,https:/edumall.vn/coursetieng-anh-ung-dung--di-mua-sam
568b3a30d8b73153140001f1,Luật cạnh tranh,https:/edumall.vn/courseluat-canh-tranh
56975374d8b73175ad000181,Khuyến khích sự sáng tạo của trẻ,https:/edumall.vn/coursekhuyen-khich-su-sang-tao-cua-tre
569f09fbd8b73175ad00029a,20 Bài học cần thiết cho ngày đầu tiên đi làm,https:/edumall.vn/course20-bai-hoc-can-thiet-cho-ngay-dau-tien-di-lam
56a05c6bd8b73175b00002fb,Tư duy đàm phán lương,https:/edumall.vn/coursetu-duy-dam-phan-luong
56a5a546d8b73175ad0004b0,CrollSell_Upload_Images,https:/edumall.vn/coursecrollsell_upload_images
56a5e155d8b73175b0000500,Kế toán quản trị,https:/edumall.vn/courseke-toan-quan-tri
56a63066d8b73175ad00058a,Phân tích thẩm định dự án đầu tư,https:/edumall.vn/coursephan-tich-tham-dinh-du-an-dau-tu
56a71be4d8b7314364000017,Luật hôn nhân và gia đình,https:/edumall.vn/courseluat-hon-nhan-va-gia-dinh
56a726f5d8b7314bb800005f,Quản trị chiến lược,https:/edumall.vn/coursequan-tri-chien-luoc
56a73334d8b7314bb800009e,Quản trị dự án,https:/edumall.vn/coursequan-tri-du-an
56a7366cd8b73143640000bd,Quản trị chất lượng ,https:/edumall.vn/coursequan-tri-chat-luong
56a83239d8b7314bb80000db,Tâm lý học quản trị kinh doanh,https:/edumall.vn/coursetam-ly-hoc-quan-tri-kinhdoanh
56a899a9d8b7314bb800012e,YOUTUBE How I Make $2000 A Month On YouTube With No Filming,https:/edumall.vn/courseyoutube-how-i-make--2000-a-month-on-youtube-with-no-filming
56ac638cd8b731761a0bd8e6,GIAO TIẾP ĐỂ XÂY DỰNG MỐI QUAN HỆ,https:/edumall.vn/coursegiao-tiep-de-xay-dung-moi-quan-he
56b311afd8b73110165632c6, Tăng hiệu quả và năng suất công việc với VBA và Excel,https:/edumall.vn/coursetang-hieu-qua-va-nang-suat-cong-viec-voi-vba-va-excel
56c2979dd8b7316b3d5634ca,Thành thạo photoshop trong 7 ngày,https:/edumall.vn/coursethanh-thao-photoshop-trong-vong-7-ngay
56c29ff1d8b7316b3d5634fb,Excel cho người đi làm,https:/edumall.vn/courselam-viec-hieu-qua-va-nang-suat-hon-voi-excel
56c44c61d8b7311016563756,Marketing liên kết,https:/edumall.vn/coursemarketing-lien-ket
56c57e16d8b7316b3d563a56,Làm chủ Photoshop trong 3 giờ,https:/edumall.vn/courselam-chu-photoshop-trong-3-gio
56c711edd8b73157dc57bd06,Thành thạo photoshop trong 7 ngày,https:/edumall.vn/coursethanh-thao-photoshop-trong-7ngay
56c71ab4d8b73157dc57bd37,Thiết kế Web với Photoshop và cách kiếm tiền từ công việc Freelance,https:/edumall.vn/coursethietkewebvoiphotoshopvacachkiem-tien-tu-cong-viec-freelance
56cae7b3d8b7313c94ff0bf8,Phân tích tài chính kế toán bằng Microsoft Excel,https:/edumall.vn/coursephan-tich-tai-chinh-ke-toan-bang-microsoft-excel
56cc08b3d8b7310a9d256404,Microsoft Excel 2010: Từ Sơ cấp đến Trung cấp,https:/edumall.vn/coursemicrosoft-excel-2010--tu-so-cap-den-trung-cap
56cfc499d8b73176affe48cc,librarytetst,https:/edumall.vn/courselibrary
56d43868d8b73150a7308b11,Thiết kế Website siêu tốc trong 30 phút bằng các công cụ,https:/edumall.vn/coursetu-tao-website-trong-30-phut-bang-cac-cong-cu-sieu-toc
56d973ddd8b731751795d64f,Nhập môn ngôn ngữ lập trình Javascript,https:/edumall.vn/coursemot-gio-hoc-javascript
56dd4dacd8b731671bc8b7f5,Làm chủ  Adobe Photoshop CC trong 3 giờ,https:/edumall.vn/courselam-chu-adobe-photoshop-cc-trong-ba-gio
56dfdb0ad8b7315fa408653a,Quản trị thời gian hiệu quả,https:/edumall.vn/coursequan-tri-thoi-gian-cho-sinh-vien
56dfe850d8b7317d2f3dc42c,SEO website top 10 dễ dàng,https:/edumall.vn/course10-buoc-de-lam-seo
56e03222d8b7317d2f3dc636,Excel ứng dụng cho kế toán	,https:/edumall.vn/courseexcel-ung-dung-cho-ke-toan
56e23dcad8b7311b45f336ce,Dựng video chuyên nghiệp với Adobe Premiere,https:/edumall.vn/coursedung-phim-chuyen-nghiep-voi-adobe-premiere
56e24fe1d8b7311b47f3376c,Lập trình ứng dụng Android trong 6 tuần,https:/edumall.vn/courselap-trinh-android-tu-co-ban-den-nang-cao
56e404dbd8b73154040f3e76,Google Adwords cơ bản cho người mới bắt đầu,https:/edumall.vn/coursegoogle-adwords-co-ban-cho-nguoi-moi-bat-dau
56e6f44dd8b73154040f48e1,Lập trình ứng dụng di động -  Tự học và xây dựng 10 ứng dụng IOS với SWIFT,https:/edumall.vn/courselap-trinh-ung-dung-di-dong-tu-hoc-va-xay-dung-10-ung-dung-ios-voi-swift
56e8cf04d8b731258b7bac7b,Lập trình android cơ bản qua ứng dụng tra cứu giao thông ,https:/edumall.vn/courselaptrinhandroidcoban
56e8d981d8b731152a7bacdb,Tự học lập trình website chỉ trong 6 tuần,https:/edumall.vn/coursetu-xay-dung-14-trang-web-chi-trong-6-tuan
56e9744ed8b7317c938faf0a,Tiếng Anh ứng dụng: Các vấn đề sức khoẻ trong Tiếng Anh,https:/edumall.vn/coursetieng_anh_ung_dung_cac_van_de_suc_khoe_trong_tieng_anh
56ea2b59d8b7317c938fb1d9,Tiếng Anh cơ bản khi tham gia giao thông,https:/edumall.vn/coursetieng_anh_ung_dung_giao_thong_trong_tieng_anh
56ea3129d8b7317c938fb29d,Tiếng Anh ứng dụng: Giải trí trong tiếng Anh,https:/edumall.vn/coursetieng_anh_ung_dung_giai_tri_trong_tieng_anh
56ea338dd8b7317c938fb2c3,Lập trình PHP từ cơ bản đến nâng cao trong 6 tuần - Thực hành tự tạo website tin tức,https:/edumall.vn/courselap-trinh-php-co-ban-den-nang-cao
56ea38e0d8b7317c938fb320,Tiếng Anh ứng dụng: Nhà hàng khách sạn trong Tiếng Anh,https:/edumall.vn/coursetieng_anh_ung_dung_nha_hang_khach_san_trong_tieng_anh
56ea3d8bd8b7317c938fb3db,Tiếng Anh ứng dụng: Làm đẹp trong tiếng Anh,https:/edumall.vn/coursetien_anh_ung_dung_lam_dep_trong_tieng_anh
56ea5866d8b7317c938fb457,Tiếng Anh ứng dụng: Công việc trong tiếng Anh,https:/edumall.vn/coursetieng_anh_ung_dung_cong_viec_trong_tieng_anh
56ea5c96d8b7317c968fb561,Tiếng Anh ứng dụng: các mối quan hệ trong tiếng Anh,https:/edumall.vn/coursetieng_anh_ung_dung_cac_moi_quan_he_trong_tieng_anh
56ea5fd4d8b7317c968fb5cf,Tiếng Anh ứng dụng: Nhà cửa trong Tiếng Anh,https:/edumall.vn/coursetieng_anh_ung_dung_nha_cua_trong_tieng_anh
56ea61dcd8b7317c938fb542,Giao thông trong Tiếng Anh,https:/edumall.vn/coursetieng_anh_ung_dung_cac_van_de_giao_thong_trong_tieng_anh
56ea6452d8b7317c968fb675,Tiếng Anh ứng dụng: Giao dịch ngân hàng trong tiếng Anh,https:/edumall.vn/coursetieng_anh_ung_dung_giao_dich_ngan_hang_trong_tieng_anh
56ec3219047c994d9574fc74, Học thiết kế Website động với ASP.NET WebForm và SQL Server,https:/edumall.vn/coursewebsite-dong-voi-aspnet-webform-sql-server
56ed42c7047c994d9574ffbe,Bí kíp quản trị thời gian để tăng hiệu quả học tập và làm việc,https:/edumall.vn/coursebi-kip-quan-tri-thoi-gian-de-tang-hieu-qua-hoc-tap-va-lam-viec
56ef7965047c9950a074fe21,Kỹ năng gây ảnh hưởng và thuyết phục trong các hành vi bán hàng	,https:/edumall.vn/courseky-nang-gay-anh-huong-va-thuyet-phuc-trong-cac-hanh-vi-ban-hang
56ef7a47047c9950a074fe26,Xây dựng Single-Page Web App với AngularJS Routing,https:/edumall.vn/coursesingle-page-web-app-voi-angularjs-routing
56efc389047c994b2e750429,TÌM KIẾM VÀ KHAI THÁC THÔNG TIN HIỆU QUẢ TRÊN INTERNET,https:/edumall.vn/coursetim-kiem-va-khai-thac-thong-tin-hieu-qua-tren-internet
56f2104e047c99345cd0b5e4,Native_W9,https:/edumall.vn/coursetieng-anh-ung-dung-w9
56f21b3c047c99345cd0b65a,Tiếng Anh ứng dụng: Tiệc liên hoan tại công ty,https:/edumall.vn/coursetieng-anh-ung-dung-w10
56f22452047c99345cd0b67e,Tầm nhìn và ý tưởng khởi nghiệp,https:/edumall.vn/coursetam-nhin-va-y-tuong-khoi-nghiep
56f24a2f047c99345fd0b69f,Nghiên cứu và phát triển thị trường,https:/edumall.vn/coursenghien-cuu-va-phat-trien-thi-truong
56f24b8f047c99345cd0b6c0,Các vấn đề pháp lý trong khởi nghiệp,https:/edumall.vn/coursecac-van-de-phap-ly-trong-khoi-nghiep
56f24d76047c99345fd0b6af,Đội nhóm và cố vấn ,https:/edumall.vn/coursedoi-nhom-va-co-van
56f24eaa047c99345fd0b6b6,Bán hàng và giao dịch trong khởi nghiệp,https:/edumall.vn/courseban-hang-va-giao-dich-trong-khoi-nghiep
56f25b54047c99345cd0b734,Tiếng Anh ứng dụng: Học đại học,https:/edumall.vn/coursetieng-anh-ung-dung-w17
56f26270047c993456d0b81b,Tự triển khai kinh doanh online,https:/edumall.vn/coursetu-trien-khai-kinh-doanh-online
56f290b4047c99345cd0b831,Làm báo cáo trong 15 phút với Excel Pivot,https:/edumall.vn/coursesu-dung-thanh-thao-excel-pivot-cho-nguoi-moi-bat-dau
56f4b789047c993458d0b9d3,Dạy con đúng cách,https:/edumall.vn/courseday-con-dung-cach
56f4b8b4047c99345fd0b9ff,Excel ứng dụng cho kế toán và hành chính nhân sự,https:/edumall.vn/courseexcel-ke-toan-hanh-chinh-nhan-su
56f4f3a8047c993458d0ba19,Những điều người chuẩn bị làm cha nên biết,https:/edumall.vn/coursenhung-dieu-nguoi-chuan-bi-lam-cha-nen-biet
56f50de0047c993458d0bae5,Illustrator CS6 cơ bản,https:/edumall.vn/courseillustrator-cs6-co-ban
56f51250047c993458d0baf7,Thủ thuật và bí quyết thiết kế đồ họa game di động dành cho dân nghiệp dư	,https:/edumall.vn/coursethu-thuat-va-bi-quyet-thiet-ke-do-hoa-game-di-dong-danh-cho-dan-nghiep-du
56f51335047c993456d0bba5,Marketing qua Email,https:/edumall.vn/coursemarketing-qua-email
56f5174d047c99345cd0bb46,Tất tần tật về Youtube Marketing	,https:/edumall.vn/coursetat-tan-tat-ve-youtube-marketing
56f518e4047c99345fd0bb08,Học nhanh Windows 10 với 50 thủ thuật	,https:/edumall.vn/coursehoc-nhanh-windows-8-voi-50-thu-thuat
56f5420e047c993456d0bc87,Bán hàng và quảng cáo trên facebook,https:/edumall.vn/courseban-hang-va-quang-cao-tren-facebook
56f546c9047c99345fd0bb8c,Marketing với Twitter cơ bản: Tăng Follower mỗi ngày!,https:/edumall.vn/coursemarketing-voi-twitter-co-ban-tang-follower-moi-ngay
56f54927047c99345fd0bbba,Thuyết trình hoàn hảo với công cụ Prezi	,https:/edumall.vn/coursethuyet-trinh-hoan-hao-voi-cong-cu-prezi
56f68592047c990a4dd0b5b1,Xây dựng và phát triển sản phẩm,https:/edumall.vn/coursexay-dung-va-phat-trien-san-pham
56727201d8b7313924000008,"Làm Website & Landing Page bán hàng, PR, quảng cáo, truyền thông, marketing trong 3 tuần",https:/edumall.vn/courselap-trinh-web-cho-nguoi-moi-bat-dau
56cd8991d8b73176b2fe479b,Trọn bộ kiến thức về AngularJS trong 6 giờ,https:/edumall.vn/coursenghien-cuu-va-tim-hieu-angular-js
56a9c7bcd8b7314bb80001bb,Làm thế nào để có thể kiếm tiền từ Youtube,https:/edumall.vn/coursekiem-2000--moi-thang-tren-youtube
5604fee90377e2a1d7000002,"Làm trang web của riêng bạn với HTML, CSS & Javascript",https:/edumall.vn/courselap-trinh-web-html---css-tu-dau
568f2d1ad8b7315e43000016,Kỹ năng đàm phán và thương lượng trong kinh doanh,https:/edumall.vn/courseky-nang-dam-phan-va-thuong-luong-trong-kinh-doanh
56a35e54d8b73175ad000487,Tuyệt chiêu viết CV,https:/edumall.vn/coursetuyet-chieu-viet-cv
56f8e505047c993bbc19adab,Tạo dựng mối quan hệ bằng tiếng Anh,https:/edumall.vn/coursetao-dung-moi-quan-he-bang-tieng-anh
56f91d35047c996b03d45e47,Vấn đề nhà ở trong Tiếng Anh,https:/edumall.vn/coursenha-o-trong-tieng-anh
56f9ffb0047c996b09d460b9,Tiếng Anh giao tiếp cho người mới bắt đầu,https:/edumall.vn/coursetieng-anh-cho-nguoi-moi-bat-dau
56fae0bb047c993f1ccaeaa6,Dinh dưỡng cho trẻ sơ sinh	,https:/edumall.vn/coursedinh-duong-cho-tre-so-sinh
57024218047c992d7d4778a2,Library new version,https:/edumall.vn/courselibraryfff
57037af1047c992d83477970,Học Excel 2010 cùng Thạc sĩ Nguyễn Danh Tú,https:/edumall.vn/courselam-chu-excel-2010-trong-4-gio-sp
570f6819047c99354ba494d4,Kiếm tiền trên Youtube dễ dàng,https:/edumall.vn/coursekiem-tien-tren-youtube-de-dang
5710afc4047c995232ecb868,Tất tần tật về mind map,https:/edumall.vn/coursemind-map
uni_course,Uni topica,https:/edumall.vn/course
5719a89a047c99492b3bac72,Làm việc hiệu quả với Google Spreadsheet	,https:/edumall.vn/courselam-viec-hieu-qua-voi-google-spreadsheet
572da4cf047c99794aa45402,Kỹ năng đọc hiểu siêu tốc,https:/edumall.vn/courseky-nang-doc-hieu-sieu-toc
57300544047c9910cb0c67ee,Adobe Illustrator CC 2015 - Tổng quát cơ bản đến nâng cao,https:/edumall.vn/courseadobe-illustrator-cc-2015-co-ban-den-nang-cao
5732ac22047c9952c6b5be19,Thành thạo Bootstrap qua 10 website và kiếm tiền từ công việc Freelancer,https:/edumall.vn/coursethanh-thao-bootstrap-va-kiem-tien-freelancer
5735576b047c9952c6b5c06f,85 chuyên đề Excel từ cơ bản đến nâng cao,https:/edumall.vn/course85-thao-tac-excel-thuc-te
5736abcd047c9936eec58661,SEO Leader căn bản - SEO từ khoá lên TOP,https:/edumall.vn/courseseo-leader-co-ban
573c534d047c9936f2c58f00,Microsoft Word cơ bản và hiệu quả,https:/edumall.vn/coursemicrosoft-word-co-ban-va-hieu-qua
573e85de047c9958b5c58712,SEO Leader nâng cao,https:/edumall.vn/courseseo-leader-nang-cao
57427b77047c9958b8c58820,Đào tạo SEO chuyên nghiệp,https:/edumall.vn/courseseo-chuyen-nghiep
57444366047c994909c58715,qưerqwer,https:/edumall.vn/coursequerqwer
5744487c047c9920cc4919c9,Chinh phục sáo trúc cùng thầy Mão Mèo,https:/edumall.vn/coursechinh-phuc-sao-truc-cung-thay-mao-meo
574448c0047c9920a74919cf,Sắp xếp công việc theo ma trận thời gian,https:/edumall.vn/coursekhoa-hoc-nang-cao-hieu-suat-lam-viec
574527cd047c9920f3491aad,Kỹ năng thuyết trình & nghệ thuật gây ảnh hưởng,https:/edumall.vn/courseky-nang-thuyet-trinh-co-ban
574800bd047c9964715ec9a5,TS. Lê Thẩm Dương: Lãnh đạo là một nghề phải học,https:/edumall.vn/coursets-le-tham-duong-lanh-dao-la-mot-nghe-phai-hoc
57480328047c99646c5ec97f,Ukulele - Đệm hát tự tin sau 24h,https:/edumall.vn/courseukulele-dem-hat-tu-tin-sau-24h
56010a07fc32e004ca000000,Nói thoả thích 8 tiếng mỗi ngày mà không lo mất giọng,https:/edumall.vn/coursenoi-thoa-thich-8-tieng-moi-ngay-ma-khong-lo-mat-giong
574c08d6047c9964715eceba,Pre_Google Analytic,https:/edumall.vn/coursepre-google-analytic
574c0c6d047c9964745ece29,Làm Landing page siêu tốc,https:/edumall.vn/courselam-landing-page-sieu-toc
574c0e95047c99646c5ecdf1,Pre_Khóa học nghệ thuật quảng cáo Adwords,https:/edumall.vn/coursepre-khoa-hoc-nghe-thuat-quang-cao-adwords
574c280f047c99646f5eceb2,Bí quyết kiếm tiền trên Youtube,https:/edumall.vn/coursebi-quyet-kiem-tien-tren-youtube
574c3714047c99074e5ec7ad,Học lập trình HTML5 từ đầu,https:/edumall.vn/coursehoc-lap-trinh-html5-tu-dau
574d1bf2047c99074b5ec86c,Bí quyết xin việc hiệu quả,https:/edumall.vn/courseky-nang-xin-viec-hieu-qua
574d811f047c9948c3821faf,Nghệ thuật săn việc ,https:/edumall.vn/coursenghe-thuat-san-viec-02
574e52e7047c99772f7afce2,Ngôn ngữ hình thể cho doanh nhân,https:/edumall.vn/coursengon-ngu-hinh-the-cho-doanh-nhan
574eb41d047c991e98153bbe,Trở thành chuyên gia báo cáo số liệu với Excel	,https:/edumall.vn/coursetro-thanh-chuyen-gia-bao-cao-so-lieu-voi-excel
574eec4d047c991e9a153c4c,Phương pháp kinh doanh online hiệu quả cho sản phẩm,https:/edumall.vn/coursephuong-phap-nghien-cuu-danh-gia-va-dua-ra-san-pham-kinh-doanh-trong-24-ngay
574fe497047c991e9f153ee2,TS. Lê Thẩm Dương: Từ lãnh đạo đến lãnh đạo cấp 5,https:/edumall.vn/coursets-le-tham-duong-tu-lanh-dao-den-lanh-dao-cap-5
5750e6d8047c995f2eed8477,Nhiếp ảnh dành cho người mới bắt đầu,https:/edumall.vn/coursenhiep-anh-cho-moi-nguoi
575102c8047c995f2ced859d,Content Marketing Online,https:/edumall.vn/coursecontent-marketing-online
57515f5a047c995f29ed8768,Content Marketing,https:/edumall.vn/coursecontent-marketing
5754e3cf047c9966e64cc6ac,Bí quyết chinh phục đề thi Toeic	,https:/edumall.vn/coursebi-quyet-chinh-phuc-de-thi-toeic
57564015047c9966e84cc85c,Yoga trực tuyến - khỏe đẹp ngay tại nhà	,https:/edumall.vn/courseyoga-truc-tuyen-khoe-dep-ngay-tai-nha
5756595c047c996a134cc8b6,Giáo dục sớm - phương pháp giúp trẻ phát triển về thể chất và trí tuệ,https:/edumall.vn/coursegiao-duc-som-khoi-dau-hoan-hao-cho-tuong-lai-cua-tre
57568497047c9960124cc58a,Nghệ thuật thuyết phục hiệu quả,https:/edumall.vn/coursenghe-thuat-thuyet-phuc-hieu-qua
5756c709047c9966e84cca21,Make up chuyên nghiệp tại nhà		,https:/edumall.vn/coursemake-up-chuyen-nghiep-tai-nha
5757f6c8047c992bfc673e7e,Bí Quyết Ứng Xử Khéo Léo,https:/edumall.vn/coursebi-quyet-ung-xu-kheo-leo
5757fc66047c992bf6673ea2,Nghệ thuật chuẩn bị hồ sơ và trả lời phỏng vấn trước nhà tuyển dụng,https:/edumall.vn/coursenghe-thuat-chuan-bi-ho-so-va-tra-loi-phong-van-truoc-nha-tuyen-dung
57584072047c992bfc673fa5,Kỹ năng giao tiếp nơi công sở,https:/edumall.vn/courseky-nang-giao-tiep-noi-cong-so
575a6a67047c992bfc6742a8,Bí Quyết Điều Hành Và Quản Lý  Doanh Nghiệp Vừa Và Nhỏ,https:/edumall.vn/coursebi-quyet-dieu-hanh-va-quan-ly-doanh-nghiep-vua-va-nho
575b6ca0047c992bf96743ef,72 Giải Pháp Bán Hàng Đột Phá - Chốt Sales Đỉnh Cao,https:/edumall.vn/course72-giai-phap-dot-pha-chot-sales-dinh-cao
575baeb4047c992bfc674473,Kỹ năng giao tiếp trong công sở,https:/edumall.vn/courseky-nang-giao-tiep-trong-kinh-doanh
575bda32047c99756c673f04,Xử lý các vấn đề tài chính,https:/edumall.vn/coursexu-ly-cac-van-de-tai-chinh
575e15e0047c992bfc674653,Tuyệt chiêu nuôi dạy con thành tài,https:/edumall.vn/coursetuyet-chieu-nuoi-day-con-thanh-tai
575e1f59047c995ca8673def,Học jQuery cơ bản đến nâng cao qua 20 bài tập,https:/edumall.vn/coursehoc-jquery-co-ban-den-nang-cao-qua-20-bai-tap
575e2917047c995ca8673e3d,Quảng Cáo Bán Hàng với Zalo Marketing,https:/edumall.vn/coursequang-cao-ban-hang-voi-zalo-marketing
575e30c2047c99756c6741cd,Thành thạo Ukulele đệm hát chỉ trong 7 ngày,https:/edumall.vn/courselam-chu-ukulele-dem-hat-trong-30-ngay
575e93e1047c991147691087,Trang trí bánh kem theo phong cách Hàn Quốc,https:/edumall.vn/coursetrang-tri-banh-kem-theo-phong-cach-han-quoc
575fc330047c992947fdbfd1,Học viết kịch bản theo chuẩn Hollywood,https:/edumall.vn/coursebien-kich-dien-anh-chuyen-nghiep
575fcb19047c992949fdbfd2,Sáo trúc Việt Nam,https:/edumall.vn/coursesao-truc-viet-nam
57625b42047c993371fdc123,Tiếng anh ứng dụng: Tự tin giao tiếp thường ngày bằng tiếng anh,https:/edumall.vn/coursetieng-anh-ung-dung-tu-tin-giao-tiep
576275a4047c993371fdc1dd,Lập trình cơ sở dữ liệu với Java,https:/edumall.vn/courselap-trinh-co-so-du-lieu-voi-java
57636ae0047c99125ffdbfa0,Thương mại điện tử,https:/edumall.vn/courseban-hang-thuong-mai-dien-tu
57637603047c99294ffdc75a,Kỹ Năng Chốt Sale,https:/edumall.vn/courseky-nang-chot-sale
576399cd047c99294ffdc7ef,Chinh phục sáo trúc trong 238 phút học,https:/edumall.vn/coursechinh-phuc-sao-truc-trong-238-phut-hoc
5763a5c2047c995216fdbef0,Học làm lãnh đạo,https:/edumall.vn/coursehoc-lam-lanh-dao
5763ba19047c995216fdbf64,NGHỆ THUẬT VÀ KỸ NĂNG BÁN HÀNG CHUYÊN NGHIỆP,https:/edumall.vn/coursenghe-thuat-ban-hang-va-ky-nang-ban-hang-chuyen-nghiep
5763d968047c995216fdc02c, Bí kíp đạt được 450 điểm TOEIC dành cho người mất gốc		,https:/edumall.vn/coursebi-kip-dat-duoc-450-diem-toeic-danh-cho-nguoi-mat-goc-1
5764d78d047c9961b1fdbfbd,TS. Lê Thẩm Dương - Nghệ thuật bán hàng đỉnh cao,https:/edumall.vn/coursets-le-tham-duong-nghe-thuat-ban-hang
57651f97047c99294ffdcc10,Guitar đệm hát cơ bản từ A-Z ,https:/edumall.vn/courseguitar-dem-hat-co-ban-tu-dau-den-cuoi
576798fc047c993371fdcb8c,Học làm kỹ xảo trong sản xuất video bằng ADOBE AFTER EFFECTS,https:/edumall.vn/coursehoc-lam-adobe-after-effects
57679a40047c993371fdcb96,Flower butter cream Cake - Bánh hoa kem bơ.	,https:/edumall.vn/coursetrang-tri-banh-hoa-kem-bo
5767a8d8047c993371fdcc22,Sản xuất Video bán hàng bằng điện thoại,https:/edumall.vn/coursesan-xuat-video-ban-hang-bang-dien-thoai
5767d118047c995216fdc82f,Tiếng anh ứng dụng: Tự tin tán gẫu với bạn bè bằng tiếng anh,https:/edumall.vn/coursetu-tin-tan-gau-voi-ban-be
5767da5e047c995fdefdbebb,Ebook Tiếng Anh TOPICA Native,https:/edumall.vn/coursetopica-native-ebook-tienganh
5768efc3047c995f75fdc0e7,Tiến sĩ Lê Thẩm Dương: Tái cấu trúc để thành công,https:/edumall.vn/coursets-le-tham-duong-tai-cau-truc-de-thanh-cong
57691669047c995f75fdc210,Học BellyDance Cơ bản và vũ đạo,https:/edumall.vn/coursehoc-mua-bung-co-ban
576a3cc3047c995f75fdc4bd,Đột phá kinh doanh và kiến tạo thu nhập trên Facebook,https:/edumall.vn/coursedot-pha-kinh-doanh-va-kien-tao-thu-nhap-tren-facebook
576ca0a4047c992ae1fdc717,Học trang điểm - dấu mốc thay đổi chính mình !,https:/edumall.vn/coursehoc-trang-diem-dau-moc-thay-doi-ban-than
576ca286047c995f75fdc8f4,Giáo trình Finger Style ngắn nhất cho một quá trình lâu dài,https:/edumall.vn/coursegiao-trinh-finger-style
576cb6e0047c995fdefdc9b1,Đào tạo Chuyên gia bán hàng: Bất động sản – Bảo hiểm – Tài chính,https:/edumall.vn/coursedao-tao-chuyen-gia-ban-hang-bat-dong-san-bao-hiem-tai-chinh
576e1642047c992d47fdca8c,Ứng dụng sơ đồ tư duy trong học tập và công việc,https:/edumall.vn/courseung-dung-so-do-tu-duy-trong-hoc-tap-va-cong-viec
576f668e047c995f75fdce91,Facebook Marketing: tổng quan về quảng cáo Facebook,https:/edumall.vn/coursekhoa-hoc-facebook-chuyen-sau
576f7ad1047c99420afdbef8,Bí mật ngôn ngữ cơ thể,https:/edumall.vn/coursebi-mat-ngon-ngu-co-the
576fa114047c994224fdbf10,Video 3 ngày - Học làm video quảng cáo bán hàng trong 3 ngày,https:/edumall.vn/coursevideo-3-ngay
5770ae5f047c995f75fdd0be,Lập trình ứng dụng iOS sau 24 giờ tự học,https:/edumall.vn/courselap-trinh-ung-dung-ios-sau-24h-tu-hoc
5771e0bf047c992d47fdd17b,Nâng cao năng suất làm việc,https:/edumall.vn/coursenang-cao-hieu-suat-lam-viec
5771ffab047c993da3fdbf9c,Khóa học Bartender cơ bản ,https:/edumall.vn/coursekhoa-hoc-bartender-co-ban
577224b2047c99420afdc428,Bí quyết chăm sóc khách hàng hiệu quả,https:/edumall.vn/coursebi-quyet-cham-soc-khach-hang-hieu-qua
57723d0c047c992d47fdd2fe,Bí quyết chốt Sale,https:/edumall.vn/coursebi-quyet-chot-sale
5772857d047c995b2efdbee3,Thành thạo lập trình Android siêu tốc trong 8 giờ với ứng dụng đọc báo đơn giản,https:/edumall.vn/coursetao-ung-dung-doc-bao-trong-vong-24-gio-android
57734a62047c995a97fdc096,Bí quyết chăm sóc khách hàng hiệu quả,https:/edumall.vn/coursecham-soc-khach-hang-hieu-qua
57735312047c995a97fdc0bd,Dựng web chuyên nghiệp cho người không biết code với Drupal,https:/edumall.vn/coursedung-web-chuyen-nghiep-voi-drupal
577390e8047c995b2efdc156,Bí quyết nấu ăn để trở thành nàng dâu đảm đang,https:/edumall.vn/coursenang-dau-dam-dang
5773a2b4047c995b2efdc195,Đàm phán về lương - Tìm hiểu tư duy đàm phán,https:/edumall.vn/coursedam-phan-ve-luong-tim-hieu-tu-duy-dam-phan
5774f90e047c990d28f5a9e8,Piano cơ bản,https:/edumall.vn/coursepiano-co-ban
577509b7047c991ab6f5a979,Bellydance cho người mới bắt đầu,https:/edumall.vn/coursebellydance-beginner
57762c7b047c991ab6f5ab26,Cake for birthday - Tự làm bánh sinh nhật tại nhà,https:/edumall.vn/courselam-banh-sinh-nhat-tai-nha
57770088047c991ab9f5acf5,Kỹ năng làm việc chuyên nghiệp,https:/edumall.vn/coursenang-cao-nang-suat-lam-viec
5777e92e047c994bb1e5b25b,Fitness - Cải thiện vóc dáng chỉ trong 4 tuần,https:/edumall.vn/coursecai-thien-voc-dang-chi-trong-4-tuan
577a28da047c994bb7e5b3b4,Yoga giữ dáng giảm cân,https:/edumall.vn/courseyoga-giu-dang-giam-can
577a3dde047c994bb7e5b41e,"Phương pháp tập giúp tăng cơ, giảm mỡ nhanh chóng !",https:/edumall.vn/coursephuong-phap-tap-giup-tang-co-giam-mo-nhanh-chong
577a4da5047c994bb3e5b46a,Tự tay viết ứng dụng trên Microsoft Excel,https:/edumall.vn/coursetu-tay-viet-ung-dung-tren-microsoft-excel
577a5b73047c994bb3e5b50e,Nghệ thuật chuẩn bị hồ sơ và trả lời phỏng vấn trước nhà tuyển dụng,https:/edumall.vn/coursenghe-thuat-chuan-bi-ho-so-va-cach-tra-loi-phong-van-truoc-nha-tuyen-dung
577b3151047c9949c2e5b3d4,TS Lê Thẩm Dương - Quản trị mâu thuẫn,https:/edumall.vn/coursets-le-tham-duong-quan-tri-mau-thuan
577ba7f2047c991507e5b1fc,Ứng dụng học tiếng anh cho trẻ em,https:/edumall.vn/courseung-dung-hoc-tieng-anh-cho-tre-em
577c5430047c9949c2e5b582,Làm đẹp giọng nói,https:/edumall.vn/courselam-dep-giong-noi
577dbe26047c99708256b759,Thuyết trình không quá khó,https:/edumall.vn/coursethuyet-trinh-khong-qua-kho
577dd51a047c99708256b7df,Làm thế nào để thấu hiểu khách hàng,https:/edumall.vn/courselam-the-nao-de-thau-hieu-khach-hang
577e3a4f047c99707f56b952,Adobe Indesign CC 2015 tổng quát từ cơ bản đến nâng cao,https:/edumall.vn/courseadobe-indesign-cc-2015-tong-quat-tu-co-ban-den-nang-cao
577f0c98047c99707f56ba32,Yoga Trẻ Khỏe Đẹp cho người mới bắt đầu,https:/edumall.vn/courseyoga-giu-dang-giam-can-cho-nguoi-moi-bat-dau
57807e1f047c991d1756b625, Sexy dance - Hấp dẫn và tăng cường sức khỏe,https:/edumall.vn/coursedieu-nhay-quyen-ru
57807f31047c993ca556ba2a,Thành thạo quảng cáo mạng hiển thị cho người mới bắt đầu,https:/edumall.vn/coursethanh-thao-quang-cao-mang-hien-thi-cho-nguoi-moi-bat-dau
5783644f047c9955a35b1b6c,Học ảo thuật đường phố cùng Ảo thuật gia J	,https:/edumall.vn/coursehoc-ao-thuat-duong-pho-cung-ao-thuat-gia-j
57836eac047c9962f1b1aee7,Kiếm tiền online hiệu quả với Affiliate marketing,https:/edumall.vn/coursekiem-tien-online-hieu-qua-voi-affiliate-marketing
57838a6a047c996cb18c11b1,Thiết kế logo cho người mới bắt đầu,https:/edumall.vn/coursethiet-ke-logo-cho-nguoi-moi-bat-dau
57839cc3047c996cb58c121f,Chinh phục Excel theo chuẩn Quốc tế MOS,https:/edumall.vn/coursethanh-thao-excel-voi-chuan-microsoft-office-specialist
57845cb8047c996cac8c125d, Hành trình khám phá ẩm thực châu Âu	,https:/edumall.vn/coursekham-pha-am-thuc-chau-au
57846718047c996cac8c12ba,Lập Trình React Native,https:/edumall.vn/courselap-trinh-react-native
5785ca0b047c996c72cb6b69,Bí quyết tạo sức hút cá nhân,https:/edumall.vn/coursebi-quyet-tao-suc-hut-ca-nhan
5785ea67047c99750e7c0d8d,Làm video với premiere pro cho người mới bắt đầu,https:/edumall.vn/courselam-video-voi-premiere-pro-cho-nguoi-moi-bat-dau
5785f061047c9975107c0dfd,Bí mật ngôn ngữ hình thể,https:/edumall.vn/coursebi-mat-ngon-ngu-hinh-the
578750b6047c9975147c10f0,Các kiến thức pháp lý cơ bản cho người khởi nghiệp	,https:/edumall.vn/coursecac-kien-thuc-phap-ly-co-ban-cho-nguoi-khoi-nghiep
57875918047c9975147c111e,Tự xem lá số Tử Vi chỉ sau 2 giờ nghe giảng	,https:/edumall.vn/coursexem-tu-vi
57875d73047c9975107c11ca,Sử dụng thành thạo AutoCAD trong 3 giờ	,https:/edumall.vn/coursesu-dung-thanh-thao-autocad-trong-3-gio
57885ad2047c9975147c1456,Tuyệt chiêu sử dụng thành thạo AutoCAD 2D,https:/edumall.vn/coursesu-dung-thanh-thao-autocad-trong-ba-gio
5788604e047c99750e7c1439,Cùng học ảo thuật với vòm miệng cùng beatboxer số 1 Việt Nam Minh Kiên,https:/edumall.vn/coursehoc-ao-thuat-vom-mieng
5788b0f4047c9906a57c0d54,Tiếng Anh giao tiếp: Tự tin bộc lộ cảm xúc của bản thân bằng Tiếng Anh,https:/edumall.vn/coursethe-hien-cam-xuc
5788d042047c9975147c17c7,Khóa học IELTS cho người mới bắt đầu,https:/edumall.vn/coursekhoa-hoc-ielts-cho-nguoi-moi-bat-dau
5788d252047c9975147c17e3,Thành thạo tạo hình với 3DSMAX,https:/edumall.vn/coursethanh-thao-tao-hinh-voi-3dsmax
5789c8b7047c9975147c1a09,TS Lê Thẩm Dương - Tổng quan về quản trị rủi ro,https:/edumall.vn/coursets-le-tham-duong-tong-quan-ve-quan-tri-rui-ro
578c9258047c9975147c1edc,Ăn dặm đúng cách cho trẻ 6 - 12 tháng,https:/edumall.vn/coursedinh-duong-cho-tre-tu-6-12-thang-tuoi
578d9b52047c9968864a0ab9,Bí quyết chăm sóc khách hàng,https:/edumall.vn/coursebi-quyet-cham-soc-khach-hang
578dd8d1047c9968864a0b47,Nghệ thuật bán hàng chuyên nghiệp,https:/edumall.vn/coursenghe-thuat-ban-hang-chuyen-nghiep
578ee545047c991d0a16f3d4,Hip-hop cho người mới bắt đầu,https:/edumall.vn/coursehip-hop-cho-nguoi-moi-bat-dau
578efeb4047c9958bb6c8e74,Luyện phát âm tiếng anh cơ bản,https:/edumall.vn/coursehoc-phat-am-tieng-anh
578f217b047c9958bb6c8f24,Phác thảo một bản kế hoạch kinh doanh,https:/edumall.vn/coursephac-thao-mot-ban-ke-hoach-kinh-doanh-cho-nguoi-moi-bat-dau
57903704047c9958be6c921b,Phương pháp giao tiếp và giáo dục con trẻ,https:/edumall.vn/coursephuong-phap-giao-tiep-va-giao-duc-con-tre
579037ad047c9958be6c922f,Luyện thi TOEIC cấp tốc mục tiêu 450-650+,https:/edumall.vn/courseluyen-thi-toeic-cap-toc-muc-tieu-450-650
5790a045047c9958b96c94f4,Kỹ Năng Bán Hàng Chuyên Nghiệp	,https:/edumall.vn/courseky-nang-ban-hang-chuyen-nghiep
5790cc4e047c9958bb6c9651,Mất gốc tiếng Anh thì phải làm thế nào?,https:/edumall.vn/coursetoi-mat-goc-tieng-anh-roi
5791cd9e047c9972ff6c8eee,Chọn ngày giờ tốt cho cá nhân,https:/edumall.vn/coursechon-ngay-gio-tot-cho-ca-nhan
5792e1f3047c9958bb6c9a2b,Phong thủy cơ bản ,https:/edumall.vn/coursephong-thuy-co-ban
57933604047c994b526c8e72,Thiết kế website bán hàng của riêng bạn trong 3 ngày không cần code,https:/edumall.vn/courselam-web-khong-can-code
57934ad4047c994b526c8f07,Trọn bộ kiến thức NodeJS,https:/edumall.vn/coursetron-bo-kien-thuc-nodejs
57957d5e047c99504f6c925e,Học Piano dễ dàng cho người mới bắt đầu,https:/edumall.vn/coursehoc-piano-cho-nguoi-moi-bat-dau
5795bf76047c99601ffb1188,Kiếm bộn tiền từ bán hàng trên Smartphone,https:/edumall.vn/coursekiem-bon-tien-tu-ban-hang-tren-smartphone
5795cb7e047c99601dfb11d3,Xây dựng hệ thống marketing online cơ bản cho StartUp 6 tháng đầu,https:/edumall.vn/coursexay-dung-he-thong-marketing-online-co-ban-cho-start-up-6-thang-dau
5795d997047c99601dfb1282,IELTS Writing 6.0 cho người mới,https:/edumall.vn/courseielts-writing-60-cho-nguoi-moi
5795e4de047c99601dfb136c,Giảm cân thần tốc với 20' luyện tập mỗi ngày,https:/edumall.vn/coursegiam-can-don-gian
5796dcdf047c99601ffb1646,Tối ưu hóa quảng cáo Facebook và chiến lược bán hàng,https:/edumall.vn/coursetoi-uu-hoa-quang-cao-facebook-va-chien-luoc-ban-hang
5796e1b1047c99601dfb163b,Bí quyết chinh phục part 1 phần thi nói IELTS,https:/edumall.vn/coursebi-quyet-chinh-phuc-phan-thi-noi-ielts-part-1
5796e5db047c99601afb1661,Giáo dục sớm cho trẻ từ 0 đến 6 tuổi,https:/edumall.vn/coursegiao-duc-som-cho-tre-tu-0-den-6-tuoi
57973388047c9933121f16c1,Excel và Ứng dụng trong thực tiễn  Mircrosoft excel 2013 nâng cao	,https:/edumall.vn/courseexel-va-ung-dung-trong-thuc-tien-microsoft-exel-2013-nang-cao
57974e31047c9933121f17df,30 Ngày Tinh Thông Mindmap,https:/edumall.vn/course30-ngay-tinh-thong-mind-map
57978e30047c9933121f1930,Khởi nghiệp từ con số 1,https:/edumall.vn/coursekhoi-nghiep-tu-con-so-1
57982794047c9933121f19c6,Chinh phục kì thi IELTS 7.0+ ,https:/edumall.vn/coursechinh-phuc-ki-thi-ielts-7
57986682047c99023330b61b,Học lập trình ứng dụng iOS thông qua 10 ứng dụng thiết thực,https:/edumall.vn/coursehoc-lap-trinh-ung-dung-ios-thong-qua-10-ung-dung-thiet-thuc
57987bb1047c99023930b759," Cùng khởi đầu "" Đam mê bánh trái"" với đầu bếp chuyên nghiệp",https:/edumall.vn/courselam-banh-chuyen-nghiep
57989041047c9907f130b68e,Học guitar căn bản online,https:/edumall.vn/coursehoc-guitar-can-ban-online
57989067047c9907f130b691,Làm DJ dễ dàng bằng phần mềm Serato,https:/edumall.vn/courselam-dj-de-dang-bang-phan-mem-serato
5798e165047c99206130b60f,Ứng Dụng 3DS MAX Trong Thiết Kế Nội Thất ( Bắt Đầu Từ Số 0 )	,https:/edumall.vn/courseung-dung-3ds-max-trong-thiet-ke-noi-that
57996631047c99206130b6ad,Các phương pháp đầu tư hiệu quả trên thị trường chứng khoán,https:/edumall.vn/coursecac-phuong-phap-dau-tu-hieu-qua-tren-thi-truong-chung-khoan
57998230047c99206130b788,Học Zumba giảm cân thật đơn giản	,https:/edumall.vn/coursezumba-giam-can
5799bc19047c993a7630b8a5,Excel tổng quát từ bắt đầu đến chuyên gia,https:/edumall.vn/coursehay-de-excel-giup-ban
5799e08e047c99206130bb37,Bí quyết kêu gọi nguồn vốn để khởi nghiệp,https:/edumall.vn/coursebi-quyet-keu-goi-nguon-von-de-khoi-nghiep
5799e592047c993a7630ba7a,Làm chủ Unity3D (5.x) trong một ngày - Xây dựng 2 game cơ bản sử dụng Unity3D,https:/edumall.vn/courselam-chu-unity3d-trong-mot-ngay
579a0c91047c993a4a30bbe4,TS Lê Thẩm Dương - Thẩm định lòng tin,https:/edumall.vn/coursets-le-tham-duong-tham-dinh-long-tin
579a0e5d047c993a4a30bc08,HTML cơ bản và Xây dựng web tin tức với CSS và JavaScript,https:/edumall.vn/coursehoc-html-co-ban
579abf7d047c993a4a30bd9a,Khởi nghiệp bằng huy động vốn cộng đồng,https:/edumall.vn/coursehuy-dong-von
579ac27a047c997a8430b63b,Khóa đào tạo làm nail chuyên nghiệp ngay tại nhà,https:/edumall.vn/courselam-nail-chuyen-nghiep-tai-nha
579acd62047c99488730bc32,Tự chăm sóc da tại nhà hiệu quả không kém đi spa,https:/edumall.vn/coursespa-tai-nha-hieu-qua
579ad9f6047c997e1430b73c,Robotics căn bản - Chế tạo Robot điều khiển bằng bluetooth,https:/edumall.vn/coursehuong-dan-arduino-co-ban-va-lam-xe-dieu-khien-bang-android
579b0ab4047c993a4a30c013,TUYỆT CHIÊU LUYỆN PHÁT ÂM TIẾNG ANH MỸ 	,https:/edumall.vn/coursetuyet-chieu-phat-am-tieng-anh-my
579b1913047c997e2530b8d7,Content marketing cho Online,https:/edumall.vn/coursecontent-marketing-cho-online
579b216b047c997a8430ba75,Tự tin làm quen với phát âm tiếng Trung cơ bản,https:/edumall.vn/coursephat-am-tieng-trung-co-ban
579efbaf047c996dc55820e5,CHINH PHỤC IELTS SPEAKING 6.0,https:/edumall.vn/coursechinh-phuc-ielts-speaking-6
57a0771c047c997f4a4ffabc,Kỹ năng lãnh đạo nhóm hiệu quả,https:/edumall.vn/courseky-nang-lanh-dao-nhom-hieu-qua
57a35820047c99303f76e4bd,Tạo ấn tượng mạnh với nhà tuyển dụng,https:/edumall.vn/coursetao-an-tuong-voi-nha-tuyen-dung
57a44778047c99304376e5d2,Điệu nhảy của những phím đàn piano,https:/edumall.vn/coursedieu-nhay-cua-nhung-phim-dan-piano
57a48ce6047c99304376e6bb,Learn To Play Ukulele (Giáo Trình Ukulele Toàn Tập - All in One),https:/edumall.vn/courselearn-to-play-ukulele-giao-trinh-ukulele-toan-tap-all-in-one
57a57a6a047c99304376e782,Thành công từ văn hóa giao tiếp,https:/edumall.vn/coursethanh-cong-tu-van-hoa-giao-tiep
57a94b44047c99303a76ecec,Luyện thi TOEIC CẤP TỐC mục tiêu 650-800+,https:/edumall.vn/courseluyen_thi_toeic_cap_toc_muc_tieu_650_800
57a95ca3047c99304376ecd2,Đạt điểm tối đa cho IELTS Writing task 1 dễ dàng và đơn giản,https:/edumall.vn/coursedat-diem-toi-da-cho-ielts-writing-task-1-de-dang-va-don-gian
57a99890047c990f6976e88c,Khóa học Guitar cổ điển,https:/edumall.vn/coursekhoa_hoc_guitar_co_dien
57a9a9c7047c996d0f19f5b1,Phong thủy ứng dụng,https:/edumall.vn/coursephong-thuy-doanh-nghiep-co-ban
57a9dfdb047c99730d13409c,Lập trình web hướng đối tượng OOP với PHP & MySQL,https:/edumall.vn/courselap-trinh-web-huong-doi-tuong-oop-voi-php-va-mysql
57aa989f047c990776574bb5,Yoga cho vẻ đẹp và sức sống,https:/edumall.vn/courseyoga-cho-ve-dep-va-suc-song
57aa9c6d047c990776574bd0,Thiết kế trải nghiệm người dùng cơ bản (UX Design Fundamentals),https:/edumall.vn/courseux-design-for-everybody
57aaa101047c99077c574c40,Chinh phục 8.0 + Toán cao cấp: phần Đại số tuyến tính,https:/edumall.vn/coursechinh-phuc-toan-cao-cap-cho-sinh-vien
57ad3fab047c99077c57514f,MBTI và sự phát triển nghề nghiệp,https:/edumall.vn/coursembti-va-su-phat-trien-nghe-nghiep
57aed6af047c99460637fded,Rèn luyện sức khỏe bằng phương pháp Yoga Ấn Độ,https:/edumall.vn/courseren-luyen-suc-khoe-bang-phuong-phap-yoga-an-do
57b177e0047c991ce6e9f002,YOGA trẻ hóa - Làm đẹp cho khuôn mặt,https:/edumall.vn/courseyoga-tre-hoa-lam-dep-cho-khuon-mat
57b2c6b5047c992cf681bd59,Dạy Đệm Organ Cấp Tốc - Thiện Organ	,https:/edumall.vn/courseday-dem-organ-cap-toc-thien-organ
57b2caabce4b14723f26140a,Kiếm tiền bằng việc thiết kế ra website hoàn chỉnh,https:/edumall.vn/coursetro-thanh-wordpress-developer-qua-project-thuc-te-chuyen-doi-tu-bootstrap-sang-wordpress-theme-1471335083
57b2caf0047c992cf481bd99,Công thức 4 bước đầu tư lợi nhuận và an toàn,https:/edumall.vn/coursecong-thuc-4-buoc-dau-tu-loi-nhuan-an-toan
57b3c78e047c991c77679ef9,Dưới 50 triệu nên đầu tư gì?,https:/edumall.vn/courseduoi-50-trieu-nen-dau-tu-gi
57b47425ce4b14492cfc7d2e,Khóa học SEO chuyên nghiệp từ cơ bản đến nâng cao,https:/edumall.vn/coursekhoa-hoc-seo-chuyen-nghiep-tu-co-ban-den-nang-cao-1471444005
57b5233bce4b14492cfc7ee0,TS. Lê Thẩm Dương - Kỹ năng tuyển dụng nhân viên,https:/edumall.vn/courseky-nang-tuyen-dung-nhan-vien
57b53158ce4b14642b3cfb2d,Bí quyết chinh phục IELTS 6.0,https:/edumall.vn/coursebi-quyet-chinh-phuc-ielts-6.0-1471492440
57b59dde047c993701b76940,Hành trình giáo dục trẻ từ khi con chưa ra đời đến khi con trưởng thành,https:/edumall.vn/coursehanh-trinh-giao-duc-tre-tu-khi-con-chua-ra-doi-den-khi-con-truong-thanh
57b6833dce4b1425c090e66b,Khoá học Nghệ Thuật Bán hàng Trên  Faebook A-Z,https:/edumall.vn/coursekhoa-hoc-nghe-thuat-ban-hang-tren-faebook-a-z-1471578941
57ba6cc5ce4b1409a4596090,TuanNH.01,https:/edumall.vn/coursetuannh.01-1471835333
57badaedce4b145b7a16abf8,Hành trình giải phóng cảm xúc để gia tăng chất lượng sống,https:/edumall.vn/coursehanh-trinh-giai-phong-cam-xuc-de-gia-tang-chat-luong-song-1471863533
57baedd3ce4b145b8316acbb,Ứng dụng phong thủy trong đời sống,https:/edumall.vn/courseung-dung-phong-thuy-trong-doi-song-1471868371
57bb0236ce4b145b7a16acc5,Các kiến thức pháp lý cơ bản cho người khởi nghiệp,https:/edumall.vn/coursecac-kien-thuc-phap-ly-co-ban-cho-nguoi-khoi-nghiep-1471873590
57bb0de4e73c00767c5540b2,teach,https:/edumall.vn/courseteach
57bb1c5ace4b146b2c6c445e,KimTuan.02.Bikipluyenthitoiec.Lan1.2208,https:/edumall.vn/coursekimtuan.02.bikipluyenthitoiec.lan1.2208-1471880282
57bb3e5ece4b146d936ffbb8,học ios,https:/edumall.vn/coursehoc-ios-1471888990
57bba40dce4b146d936ffbc2,Ứng dụng phong thủy trong đời sống - kinh doanh,https:/edumall.vn/courseung-dung-phong-thuy-trong-doi-song-1471915021
57bbbf34ce4b146d936ffd14,Tự học lập trình website chỉ trong 6 tuần,https:/edumall.vn/coursetu-hoc-lap-trinh-website-chi-trong-6-tuan-1471921972
57bbc3c5ce4b146d986ffc78,ứng dụng phong thủy,https:/edumall.vn/courseung-dung-phong-thuy-1471923141
57bbcc98ce4b146d936ffd6e,Ts. Lê Thẩm Dương - Chiến lược tài chính,https:/edumall.vn/coursets-le-tham-duong-chien-luoc-tai-chinh-1471925400
57bbee61ce4b140afda01eda,Hành trình giải phóng cảm xúc để gia tăng chất lượng sống,https:/edumall.vn/coursehanh-trinh-giai-phong-cam-xuc-de-gia-tang-chat-luong-song-1471934049
57bbfdd8ce4b140b06a01f10,Bán hàng trên ZALO - Sức hút trăm đơn 1 ngày ,https:/edumall.vn/coursecong-thuc-kiem-tien-tu-kinh-doanh-tren-zalo
57bc0ea1ce4b1416a98bdf5a,hành trình nuôi dạy con,https:/edumall.vn/coursehanh-trinh-nuoi-day-con-1471942305
57bc0fb6ce4b1416a98bdf67,Excel 2010 cơ bản và bài tập,https:/edumall.vn/courseexcel-2010-co-ban-va-bai-tap-1471942582
57bc11eece4b1416a98bdfa1,Lập trình Android và Kiếm tiền từ tạo App,https:/edumall.vn/courselap-trinh-android-va-kiem-tien-tu-tao-App-1471943150
57bc1e91ce4b141e0dfc468e,ứng dụng phong thủy trong đời sống,https:/edumall.vn/courseung-dung-phong-thuy-trong-doi-song-1471946385
57be6429ce4b1479207d67f4,Guitar từ cơ bản đến chuyên nghiệp,https:/edumall.vn/courseguitar-tu-co-ban-den-chuyen-nghiep-1472095273
57beb4e7ce4b1421448364e1,Hành trình kiểm soát cảm xúc để gia tăng chất lượng cuộc sống,https:/edumall.vn/coursehanh-trinh-kiem-soat-cam-xuc-1472115943
57bfce62ce4b1451423ad037,khởi tạo doanh nghiệp cho người mới bắt đầu,https:/edumall.vn/coursekhoi-tao-doanh-nghiep-cho-nguoi-moi-bat-dau-1472188002
57c009b8ce4b1461436463cf,khóa học test,https:/edumall.vn/coursekhoa-hoc-test
57c405cece4b146b92b88199,Công thức thành công theo cột dọc,https:/edumall.vn/coursecong-thuc-thanh-cong-theo-cot-doc-1472464334
57c6589ece4b1471ba83fc8f,Ảo thuật với âm thanh cùng DJ số 1 Việt Nam,https:/edumall.vn/courseao-thuat-voi-am-thanh-cung-dj-so-1-viet-nam-1472616606
57c67683ce4b1471b883fdcf,Xây dựng phòng kinh doanh tự động,https:/edumall.vn/coursexay-dung-phong-kinh-doanh-tu-dong-1472624259
57c7d93dce4b142e5952e137,Fitness cơ bản - Giảm cân hiệu quả với thực đơn dinh dưỡng và chế độ tập luyện đúng  ,https:/edumall.vn/coursefitness-co-ban---giam-can-hieu-qua-voi-thuc-don-dinh-duong-va-che-do-tap-luyen-dung-1472715069
57c7e25dce4b142e5952e2b6,Motion Graphic với After Effects,https:/edumall.vn/coursemotion-graphic-voi-after-effects
57c8107dce4b142e5952e56e,Tiếng Hàn sơ cấp cho người mới bắt đầu	,https:/edumall.vn/coursetieng-han-so-cap-cho-nguoi-moi-bat-dau-1472729213
57cd4dfbce4b1444de83d852,Hợp tác sản xuất khóa học cùng EDUMALL,https:/edumall.vn/coursehop-tac-san-xuat-khoa-hoc-cung-edumall-1473072635
57cd7709ce4b1444dc83d9a2,VuNB.02.5.9.2016,https:/edumall.vn/coursevunb.02.5.9.2016-1473083145
57ce23eece4b146b514b750a,Học CorelDRAW cầm tay chỉ việc trong 3 giờ,https:/edumall.vn/coursehoc-coreldraw-cam-tay-chi-viec-trong-3-gio-1473127406
57ce6e23ce4b146b514b77bb,Thiền khí công - Bí quyết nâng cao sức khỏe,https:/edumall.vn/coursethien-khi-cong-tam-khi-viet---bi-quyet-nang-cao-suc-khoe-1473146403
57ce766ece4b145bf2c680b0,Ts. Lê Thẩm Dương - Quản trị cảm xúc,https:/edumall.vn/coursequan-tri-cam-xuc-1473148526
57cfe481ce4b144355a24df0,Tiếng Trung giao tiếp cho người mới bắt đầu	,https:/edumall.vn/coursetieng-trung-giao-tiep-cho-nguoi-moi-bat-dau-1473242241
57cff97ece4b14435fa24f4e, Tuyệt chiêu dạy con học ngoại ngữ,https:/edumall.vn/coursetuyet-chieu-day-con-hoc-ngoai-ngu-1473247614
57d0dbb7ce4b1427063c21e3, vunb.2.6.9.2016,https:/edumall.vn/coursevunb.2.6.9.2016-1473305527
57d142fcce4b1438f58d0bde,Học nấu món ăn chay dưỡng sinh,https:/edumall.vn/coursehoc-nau-mon-an-chay-duong-sinh-1473331964
57d27bb2ce4b144582a253e0,36 kế tán gái 1 cách thoải mái,https:/edumall.vn/course36-ke-tan-gai-1-cach-thoai-mai-1473412018
57d3949bce4b1451184ff895,Để viral video chinh phục cột mốc triệu view,https:/edumall.vn/coursethay-doi-tu-duy-de-video-lan-truyen-va-chinh-phuc-cot-moc-1-trieu-view-1473483931
57d661e0ce4b147269032cb3,Làm chủ excel new,https:/edumall.vn/courselam-chu-excel-new-1473667552
57d76005ce4b147260032f71,Revit cơ bản,https:/edumall.vn/courserevit-co-ban-1473732613
57d761bbce4b147260032f86,Piano cơ bản cho trẻ em ,https:/edumall.vn/coursepiano-co-ban-cho-tre-em
57d76e08ce4b147260032fef,Tuyệt chiêu đàm phán 	,https:/edumall.vn/coursetuyet-chieu-dam-phan
57d7c113ce4b1472600331e0,đàm phán,https:/edumall.vn/coursedam-phan-1473757459
57d7db1ece4b14726003325c,IELTS Writing 5.0 cho người đã đạt được IELTS 4.0 và muốn đạt được điểm cao hơn,https:/edumall.vn/courseielts-writing-5.0-cho-nguoi-da-dat-duoc-ielts-4.0-va-muon-dat-duoc-diem-cao-hon-1473764126
57d7dd51ce4b1472690331bb,IELTS Writing 5.0 cho người mới bắt đầu,https:/edumall.vn/courseielts-writing-5-0-cho-nguoi-moi-bat-dau-1473764689
57d7fb81ce4b147269033233,Lớp học DJ Online,https:/edumall.vn/courselop-hoc-dj-online-1473772417
57d8bbd7ce4b14726003353b,Lập trình Matlab cơ bản,https:/edumall.vn/courselap-trinh-matlab-co-ban-1473821655
57d9463ace4b1472690336f6,3D,https:/edumall.vn/course3d-1473857082
57da0ecdce4b14726003383d,Phong thuỷ,https:/edumall.vn/coursephong-thuỷ-1473908429
57dfa397ce4b14547ce07b94,KỸ NĂNG THUYẾT TRÌNH ẤN TƯỢNG	,https:/edumall.vn/coursekỸ-nang-thuyet-trinh-an-tuong-1474274199
57dfb951ce4b14547ce07dee,anhnt.01,https:/edumall.vn/courseanhnt.01-1474279761
57e0ac6ace4b145473e07d91,Kỹ năng thuyết trình ấn tượng,https:/edumall.vn/coursekỹ-nang-thuyet-trinh-an-tuong-1474341994
57e0b8dece4b145473e07e77,Các kỹ thuật thuyết trình chuyên nghiệp,https:/edumall.vn/coursecac-kỹ-thuat-thuyet-trinh-chuyen-nghiep-1474345182
57e1feacce4b147e91411785,Xây dựng nội dung trên Fanpage từ A đến Z,https:/edumall.vn/coursexay-dung-noi-dung-tren-fanpage-tu-a-den-z-1474428588
57e212dbce4b147e914118a7,Đầu tư cổ phiếu,https:/edumall.vn/coursedau-tu-co-phieu-1474433755
57e25ed8ce4b147e884118fd,Luyện phát âm chuẩn và giọng nói lôi cuốn,https:/edumall.vn/courseluyen-phat-am-chuan-va-giong-noi-loi-cuon-1474453208
57e2657cce4b147e884119cc,"Gây ấn tượng bằng kỹ năng tổ chức trò chơi trong sinh hoạt, thuyết trình, hội họp ","https:/edumall.vn/coursegay-an-tuong-bang-kỹ-nang-to-chuc-tro-choi-trong-sinh-hoat,-thuyet-trinh,-hoi-hop-1474454908"
57e34a22ce4b147e88411c68,Làm quen với tiếng Nhật,https:/edumall.vn/courselam-quen-voi-tieng-nhat-1474513442
57e5305bce4b145a1020df46,Nhận diện bản tính và hành vi bẩm sinh (Ứng dụng khoa học Sinh trắc vân tay),https:/edumall.vn/coursenhan-dien-ban-tinh-va-hanh-vi-bam-sinh-ung-dung-khoa-hoc-sinh-trac-van-tay-1474637915
57e5ef7bce4b145a1020e0a0,Cách đàm phán,https:/edumall.vn/coursecach-dam-phan-1474686843
57e8d1c6ce4b145a1020e723,Hai giờ làm intro với Adobe After Effects,https:/edumall.vn/coursehai-gio-lam-intro-voi-adobe-after-effects-1474875846
57eb4271ce4b14496a9d76ae,Thực hành kỹ thuật thiết kế test case và thực hiện test hiệu quả,https:/edumall.vn/coursethuc-hanh-kỹ-thuat-thiet-ke-test-case-va-thuc-hien-test-hieu-qua-1475035761
57eb88afce4b14496a9d7839,TUYỆT CHIÊU TẠO RA VIDEO HÀNG TRIỆU LƯỢT XEM,https:/edumall.vn/coursetuyet-chieu-tao-ra-video-hang-trieu-luot-xem-1475053743
57ebaf15ce4b14496a9d795a,Học photoshop một cách bài bản để trở thành nhà thiết kế chuyên nghiệp		,https:/edumall.vn/coursehoc-photoshop-mot-cach-bai-ban-de-tro-thanh-nha-thiet-ke-chuyen-nghiep-1475063573
57ec78b4ce4b1449739d79d5, Học photoshop một cách bài bản để trở thành nhà thiết kế chuyên nghiệp,https:/edumall.vn/coursehoc-photoshop-mot-cach-bai-ban-de-tro-thanh-nha-thiet-ke-chuyen-nghiep-1475115188
57eccd4cce4b140e9dea928d,Thành thạo Excel 2013 từ cơ bản đến nâng cao,https:/edumall.vn/coursethanh-thao-excel-2013-tu-co-ban-den-nang-cao-1475136844
57ee17bcce4b14424567226c,Thành thạo AutoCAD 3D ,https:/edumall.vn/coursethanh-thao-autocad-3d-1475221436
57ee19d4ce4b14423c6722f6,TOEIC cấp tốc cho người mới bắt đầu  (Mục tiêu 450+)	,https:/edumall.vn/coursetoeic-cap-toc-cho-nguoi-moi-bat-dau-muc-tieu-450
57ee1d8ace4b14424567235e,Tự tin du lịch và mua sắm bằng tiếng Trung,https:/edumall.vn/coursetu-tin-du-lich-va-mua-sam-bang-tieng-trung-1475222922
57ef65a1ce4b14703b423fca,English Smart Learn,https:/edumall.vn/courseenglish-smart-learn-1475306913
57ef6f13ce4b14703b424187,TOEIC Conqueror,https:/edumall.vn/coursetoeic-conqueror-1475309331
57f1ca4bce4b14703b424653,Để trở thành một diễn giả chuyên nghiệp,https:/edumall.vn/coursedien-gia-chuyen-nghiep-1475463755
57f1d88ece4b1470324247e7,Để trở thành một diễn giả ấn tượng,https:/edumall.vn/coursede-tro-thanh-mot-dien-gia-an-tuong-1475467406
57f203c5ce4b14703242493e,Thấu hiểu sức mạnh & Thành thạo Render trong Revit 2017,https:/edumall.vn/coursethau-hieu-suc-manh-&-thanh-thao-render-trong-revit-2017-1475478469
57f22882ce4b147032424bc6,NgocNH.01.TiengTrunggiaotiep.Lan1.0310,https:/edumall.vn/coursengocnh.01.tiengtrunggiaotiep.lan1.0310-1475487874
57f22a2dce4b147032424bd2,Thấu hiểu sức mạnh & Thành thạo Render trong Revit 2017	,https:/edumall.vn/coursethau-hieu-suc-manh-thanh-thao-render-trong-revit-2017-1475488301
57f468b0ce4b147032425326,Dựng nhân vật hoạt hình 3D với Blender ,https:/edumall.vn/coursedung-nhan-vat-hoat-hinh-voi-blender
57fb2dc0ce4b144b8810f6eb,primie,https:/edumall.vn/courseprimie-1476079040
57fca977ce4b144b9110fcda,Võ tự vệ - Tay không chiến đấu,https:/edumall.vn/coursevo-tu-ve---tay-khong-chien-dau-1476176247
57fcb4abce4b144b9110fd65,Bí quyết chọn chồng để có một cuộc hôn nhân bền vững hạnh phúc,https:/edumall.vn/coursebi-quyet-chon-chong-de-co-mot-cuoc-hon-nhan-ben-vung-hanh-phuc-1476179115
57fcb586ce4b144b9110fd80,7 Công thức làm web nhanh,https:/edumall.vn/course7-cong-thuc-lam-web-nhanh-1476179334
57fd17d2ce4b144b8810fe76,Xây dựng và quản trị thương hiệu,https:/edumall.vn/coursexay-dung-va-quan-tri-thuong-hieu-1476204498
57fdec52ce4b147d858d7785,Vũ khí marketing hiệu quả trong lĩnh vực F&B,https:/edumall.vn/coursevu-khi-marketing-hieu-qua-trong-linh-vuc-fb
57fdfc99ce4b146dcd9bfbde,Những điệu nhạc căn bản dành cho Guitar Mordern,https:/edumall.vn/coursenhung-dieu-nhac-can-ban-danh-cho-guitar-mordern-1476263065
57c78f4ace4b1469d3e8e393,Luyện thi chứng chỉ quốc tế ISTQB cho Tester,https:/edumall.vn/courseluyen-thi-chung-chi-quoc-te-istqb-cho-tester-1472696138
57fef7eace4b146dcf9bfe01,Khóa học adroid,https:/edumall.vn/coursekhoa-hoc-adroid-1476327402
